id,year,part,main,sub,points,theme,ask,keywords,type,cluster,difficulty,importance,textbook,heading,related,memo,pdf_page,internal_page,source,question_page,problem_pdf_page,answer_pdf_page,problem_path,textbook_path,answer_path,official_exam_url
H20-Q1(1),H20,第Ⅰ部,問題1,(1),5,修正共同保険式再保険の決済・mod-co利率,語句記入,再保険料／出再保険受入手数料／修正共同保険準備金調整額／mod-co利率,知識型,再保険,3,S,hoken1-seiho_08.pdf,第8章 再保険 ＞ 8.3.3 修正共同保険式再保険,8.3.2 共同保険式再保険／8.2.4 伝統的再保険・非伝統的再保険,教科書リンクを小問テーマに近い見出しへ寄せ直し。関連：8.3.2 共同保険式再保険／8.2.4 伝統的再保険・非伝統的再保険,25,8-21,H20G.pdf,p.1,1,6,exams/H20G.pdf#page=1,textbooks/hoken1-seiho_08.pdf#page=25,exams/H20G.pdf#page=6,https://www.actuaries.jp/lib/collection/books/H20/H20G.pdf#page=1
H20-Q1(2),H20,第Ⅰ部,問題1,(2),5,団体定期保険の平均保険料率,説明,平均保険料率／総保険料／総保険金額／中途異動／公平性,知識型,団体生命保険,2,S,hoken1-seiho_06.pdf,第6章 団体生命保険 ＞ 6.6.2 平均保険料率,6.6.1 保険料／6.6.3 経験料率,教科書リンクを小問テーマに近い見出しへ寄せ直し。関連：6.6.1 保険料／6.6.3 経験料率,20,6-16,H20G.pdf,p.1,1,6,exams/H20G.pdf#page=1,textbooks/hoken1-seiho_06.pdf#page=20,exams/H20G.pdf#page=6,https://www.actuaries.jp/lib/collection/books/H20/H20G.pdf#page=1
H20-Q1(3),H20,第Ⅰ部,問題1,(3),5,解約返戻金計算基礎率の設定,説明,保険料計算基礎率／責任準備金計算基礎率／契約者価額／整合性,知識型,解約返戻金,3,A,hoken1-seiho_02.pdf,第2章 解約および解約返戻金 ＞ 2.2.2 解約返戻金に係る法規整,2.4 解約返戻金に関する視点／2.5 商品開発における留意事項,教科書リンクを小問テーマに近い見出しへ寄せ直し。関連：2.4 解約返戻金に関する視点／2.5 商品開発における留意事項,14,2-8,H20G.pdf,p.1,1,6,exams/H20G.pdf#page=1,textbooks/hoken1-seiho_02.pdf#page=14,exams/H20G.pdf#page=6,https://www.actuaries.jp/lib/collection/books/H20/H20G.pdf#page=1
H20-Q2(1),H20,第Ⅰ部,問題2,(1),19,商品毎収益検証の利源別分析,分析・説明,プロフィット・マージン／費差益／利差益／死差益／責準繰入／解約差益,計算型,商品毎収益検証,5,S,hoken1-seiho_10.pdf,第10章 商品毎収益検証 ＞ 10.9.1 プロフィット・マージン,10.2 商品毎収益検証の目的／10.10 モデルの構築,教科書リンクを小問テーマに近い見出しへ寄せ直し。関連：10.2 商品毎収益検証の目的／10.10 モデルの構築,54,10-48,H20G.pdf,p.2,2,7,exams/H20G.pdf#page=2,textbooks/hoken1-seiho_10.pdf#page=54,exams/H20G.pdf#page=7,https://www.actuaries.jp/lib/collection/books/H20/H20G.pdf#page=2
H20-Q2(2),H20,第Ⅰ部,問題2,(2),?,アキュムレーション方式による営業保険料設定,計算,Hoskings method／アセット・シェア／最終利益目標額／ポアソン分布,計算型,アセット・シェア,4,A,hoken1-seiho_03.pdf,第3章 アセット・シェア ＞ 3.3.1 料率設定への活用,3.2 アセット・シェア計算の原理,教科書リンクを小問テーマに近い見出しへ寄せ直し。関連：3.2 アセット・シェア計算の原理,25,3-21,H20G.pdf,p.4,4,8,exams/H20G.pdf#page=4,textbooks/hoken1-seiho_03.pdf#page=25,exams/H20G.pdf#page=8,https://www.actuaries.jp/lib/collection/books/H20/H20G.pdf#page=4
H20-Q3(1),H20,第Ⅰ部,問題3,(1),?,優良体保険導入時の留意点,説明,優良体割合／既契約への影響／料率細分化／査定トラブル,知識型,危険選択・料率細分化,3,S,hoken1-seiho_01.pdf,第1章 営業保険料 ＞ 1.5.3 保険料率の区分にあたって留意すべき事項,4.4.4 危険選択（アンダーライティング）,教科書リンクを小問テーマに近い見出しへ寄せ直し。関連：4.4.4 危険選択（アンダーライティング）,26,1-24,H20G.pdf,p.5,5,9,exams/H20G.pdf#page=5,textbooks/hoken1-seiho_01.pdf#page=26,exams/H20G.pdf#page=9,https://www.actuaries.jp/lib/collection/books/H20/H20G.pdf#page=5
H20-Q3(2),H20,第Ⅰ部,問題3,(2),?,医療保険の解約返戻金と死亡保障の関係,説明,トンチン性／解約返戻金上限／予定解約率／死亡保障引上げ,複合型,医療保険・解約返戻金,4,A,hoken1-seiho_07.pdf,第7章 医療保険 ＞ 7.3.3 死亡保障 ＞ 7.3.4 死亡率を保険料計算の基礎に用いる場合の留意点,7.5 医療保険の責任準備金等／2.4 解約返戻金に関する視点,教科書リンクを小問テーマに近い見出しへ寄せ直し。関連：7.5 医療保険の責任準備金等／2.4 解約返戻金に関する視点,15,7-11,H20G.pdf,p.5,5,9,exams/H20G.pdf#page=5,textbooks/hoken1-seiho_07.pdf#page=15,exams/H20G.pdf#page=9,https://www.actuaries.jp/lib/collection/books/H20/H20G.pdf#page=5
H20-Q3(3),H20,第Ⅰ部,問題3,(3),?,契約者貸付利率の水準設定,説明,市中金利／予定利率／利差配当／失効消滅／事業費,知識型,解約返戻金,3,B,hoken1-seiho_02.pdf,第2章 解約および解約返戻金 ＞ 2.4.1 健全性 ＞ 2.4.2 公平性,1.4.3 予定利率,教科書リンクを小問テーマに近い見出しへ寄せ直し。関連：1.4.3 予定利率,20,2-14,H20G.pdf,p.5,5,10,exams/H20G.pdf#page=5,textbooks/hoken1-seiho_02.pdf#page=20,exams/H20G.pdf#page=10,https://www.actuaries.jp/lib/collection/books/H20/H20G.pdf#page=5
H20-Q4(1),H20,第Ⅱ部,問題4,(1),40,販売チャネル別の営業保険料率・付加保険料設定,所見論述,付加保険料／αβγ方式／通信販売チャネル／費用主義／公平性,所見型,営業保険料・販売チャネル,5,S,hoken1-seiho_01.pdf,第1章 営業保険料 ＞ 1.4.4 予定事業費率,4.4.3 販売経路（営業、募集）／1.5 保険料の細分化,教科書リンクを小問テーマに近い見出しへ寄せ直し。関連：4.4.3 販売経路（営業、募集）／1.5 保険料の細分化,16,1-14,H20G.pdf,p.5,5,12,exams/H20G.pdf#page=5,textbooks/hoken1-seiho_01.pdf#page=16,exams/H20G.pdf#page=12,https://www.actuaries.jp/lib/collection/books/H20/H20G.pdf#page=5
H20-Q4(2),H20,第Ⅱ部,問題4,(2),40,医療保険の商品開発・リスク管理,所見論述,モラルリスク／予定発生率／医療技術／商品設計／基礎率設定,所見型,医療保険・商品開発,5,S,hoken1-seiho_07.pdf,第7章 医療保険 ＞ 7.4.1.4 予定発生率および予定入院日数などの設定の留意点,7.3 医療保険の代表的保障内容／4.2 商品開発プロセス,教科書リンクを小問テーマに近い見出しへ寄せ直し。関連：7.3 医療保険の代表的保障内容／4.2 商品開発プロセス,20,7-16,H20G.pdf,p.5,5,17,exams/H20G.pdf#page=5,textbooks/hoken1-seiho_07.pdf#page=20,exams/H20G.pdf#page=17,https://www.actuaries.jp/lib/collection/books/H20/H20G.pdf#page=5
H21-Q1(1),H21,第Ⅰ部,問題1,(1),?,財務再保険・保険リスク証券化,語句記入,財務再保険／収益認識／預かり金／Catボンド／SPC,知識型,再保険,3,S,hoken1-seiho_08.pdf,第8章 再保険 ＞ 8.4.2 証券化,8.2.4 伝統的再保険・非伝統的再保険／8.4.3 ファイナイト・リスク保険,教科書リンクを小問テーマに近い見出しへ寄せ直し。関連：8.2.4 伝統的再保険・非伝統的再保険／8.4.3 ファイナイト・リスク保険,35,8-31,H21G.pdf,p.1,1,6,exams/H21G.pdf#page=1,textbooks/hoken1-seiho_08.pdf#page=35,exams/H21G.pdf#page=6,
H21-Q1(2),H21,第Ⅰ部,問題1,(2),?,重大疾病保障保険の商品設計・予定発生率,説明,重大疾病／客観的診断／データ十分性／逆選択／予定発生率,知識型,医療保険,3,A,hoken1-seiho_07.pdf,第7章 医療保険 ＞ 7.4.1.4 予定発生率および予定入院日数などの設定の留意点,7.3 医療保険の代表的保障内容,教科書リンクを小問テーマに近い見出しへ寄せ直し。関連：7.3 医療保険の代表的保障内容,20,7-16,H21G.pdf,p.1,1,6,exams/H21G.pdf#page=1,textbooks/hoken1-seiho_07.pdf#page=20,exams/H21G.pdf#page=6,
H21-Q1(3),H21,第Ⅰ部,問題1,(3),?,終身保険の商品毎収益検証・利源分解,計算,当期利益／費差益／死差益／利差益／責任準備金繰入差額,計算型,商品毎収益検証,5,S,hoken1-seiho_10.pdf,第10章 商品毎収益検証 ＞ 10.9.1 プロフィット・マージン,10.10 モデルの構築,教科書リンクを小問テーマに近い見出しへ寄せ直し。関連：10.10 モデルの構築,54,10-48,H21G.pdf,p.2,2,6,exams/H21G.pdf#page=2,textbooks/hoken1-seiho_10.pdf#page=54,exams/H21G.pdf#page=6,
H21-Q1(4),H21,第Ⅰ部,問題1,(4),?,団体生命保険の配当率算定,説明・算式,配当率／団体規模／死差益／死差損／剰余金に対する費用,計算型,団体生命保険,4,S,hoken1-seiho_06.pdf,第6章 団体生命保険 ＞ 6.7 配当,6.6.3 経験料率／6.6.4 経験体割引,教科書リンクを小問テーマに近い見出しへ寄せ直し。関連：6.6.3 経験料率／6.6.4 経験体割引,26,6-22,H21G.pdf,p.3,3,7,exams/H21G.pdf#page=3,textbooks/hoken1-seiho_06.pdf#page=26,exams/H21G.pdf#page=7,
H21-Q2(1),H21,第Ⅰ部,問題2,(1),10,第三分野保険の基礎率変更権行使基準,説明,基礎率変更権／予定発生率／実績発生率／監督指針／契約者保護,知識型,医療保険,3,S,hoken1-seiho_07.pdf,第7章 医療保険 ＞ 7.6.1 基礎率変更権の設定について,7.6.2 基礎率変更権を行使する認可申請の取扱い,教科書リンクを小問テーマに近い見出しへ寄せ直し。関連：7.6.2 基礎率変更権を行使する認可申請の取扱い,36,7-32,H21G.pdf,p.4,4,8,exams/H21G.pdf#page=4,textbooks/hoken1-seiho_07.pdf#page=36,exams/H21G.pdf#page=8,
H21-Q2(2),H21,第Ⅰ部,問題2,(2),10,個人保険の解約返戻金設定時の考慮事項,説明,健全性／公平性／効率性／契約者の期待／解約控除／責任準備金,知識型,解約返戻金,3,A,hoken1-seiho_02.pdf,第2章 解約および解約返戻金 ＞ 2.4 解約返戻金に関する視点,2.3 解約控除の理由,教科書リンクを小問テーマに近い見出しへ寄せ直し。関連：2.3 解約控除の理由,20,2-14,H21G.pdf,p.4,4,8,exams/H21G.pdf#page=4,textbooks/hoken1-seiho_02.pdf#page=20,exams/H21G.pdf#page=8,
H21-Q2(3),H21,第Ⅰ部,問題2,(3),10,商品毎収益検証における解約率設定,説明,解約率／経過年数／経済動向／加入年齢／加入目的／保険金額／特別条件・優良体,知識型,商品毎収益検証,4,S,hoken1-seiho_10.pdf,第10章 商品毎収益検証 ＞ 10.6.1 解約率に影響する要因,10.6.2 解約率の特性,教科書リンクを小問テーマに近い見出しへ寄せ直し。関連：10.6.2 解約率の特性,33,10-27,H21G.pdf,p.4,4,9,exams/H21G.pdf#page=4,textbooks/hoken1-seiho_10.pdf#page=33,exams/H21G.pdf#page=9,
H21-Q3(1),H21,第Ⅱ部,問題3,(1),40,普通死亡保険の予定死亡率設定,所見論述,生保標準生命表／死亡率改善／経験データ／安全性／配当タイプ,所見型,営業保険料・基礎率,5,S,hoken1-seiho_01.pdf,第1章 営業保険料 ＞ 1.4.1 予定死亡率・予定給付発生率等,1.2.1 十分性,教科書リンクを小問テーマに近い見出しへ寄せ直し。関連：1.2.1 十分性,9,1-7,H21G.pdf,p.5,5,11,exams/H21G.pdf#page=5,textbooks/hoken1-seiho_01.pdf#page=9,exams/H21G.pdf#page=11,
H21-Q3(2),H21,第Ⅱ部,問題3,(2),40,医療保険のプライシングと商品毎収益検証,所見論述,医療保険／予定発生率／商品毎収益検証／シナリオ／リスク管理,所見型,医療保険・商品毎収益検証,5,S,hoken1-seiho_07.pdf,第7章 医療保険 ＞ 7.4 医療保険の保険料計算,10.10 モデルの構築／7.5 医療保険の責任準備金等,教科書リンクを小問テーマに近い見出しへ寄せ直し。関連：10.10 モデルの構築／7.5 医療保険の責任準備金等,17,7-13,H21G.pdf,p.5,5,16,exams/H21G.pdf#page=5,textbooks/hoken1-seiho_07.pdf#page=17,exams/H21G.pdf#page=16,
H22-Q1(1),H22,第Ⅰ部,問題1,(1),5,資産留保型修正共同保険式再保険,語句記入,再保険貸／資産留保／新契約費支出／非伝統的再保険,知識型,再保険,3,S,hoken1-seiho_08.pdf,第8章 再保険 ＞ 8.3.3 修正共同保険式再保険,8.2.4 伝統的再保険・非伝統的再保険,教科書リンクを小問テーマに近い見出しへ寄せ直し。関連：8.2.4 伝統的再保険・非伝統的再保険,25,8-21,H22G.pdf,p.1,1,7,exams/H22G.pdf#page=1,textbooks/hoken1-seiho_08.pdf#page=25,exams/H22G.pdf#page=7,
H22-Q1(2),H22,第Ⅰ部,問題1,(2),5,団体保険の商品審査上の留意点,語句記入,最低被保険者数／最高保険金額倍数／退職者／保険料／配当方式,知識型,団体生命保険,3,A,hoken1-seiho_06.pdf,第6章 団体生命保険 ＞ 6.9 監督指針関係,6.3 団体生命保険の危険選択／6.5 団体保険の種類,教科書リンクを小問テーマに近い見出しへ寄せ直し。関連：6.3 団体生命保険の危険選択／6.5 団体保険の種類,29,6-25,H22G.pdf,p.1,1,7,exams/H22G.pdf#page=1,textbooks/hoken1-seiho_06.pdf#page=29,exams/H22G.pdf#page=7,
H22-Q1(3),H22,第Ⅰ部,問題1,(3),5,ディスインターミディエーション,説明,金利上昇／契約者貸付／解約／資金流出／伝統的終身保険,知識型,解約返戻金・金利リスク,3,A,hoken1-seiho_02.pdf,第2章 解約および解約返戻金 ＞ 2.7.3 米国生命保険会社のディスインターミディエーション,2.7.4 流動性に対するリスク管理,教科書リンクを小問テーマに近い見出しへ寄せ直し。関連：2.7.4 流動性に対するリスク管理,40,2-34,H22G.pdf,p.2,2,7,exams/H22G.pdf#page=2,textbooks/hoken1-seiho_02.pdf#page=40,exams/H22G.pdf#page=7,
H22-Q1(4),H22,第Ⅰ部,問題1,(4),5,保険商品の価格弾力性,計算・説明,需要関数／価格弾力性／保障性商品／貯蓄性商品,計算型,営業保険料・商品性,4,A,hoken1-seiho_01.pdf,第1章 営業保険料 ＞ ［付録1］生保商品の価格弾力性,1.2.3 価格競争力,教科書リンクを小問テーマに近い見出しへ寄せ直し。関連：1.2.3 価格競争力,30,1-28,H22G.pdf,p.2,2,7,exams/H22G.pdf#page=2,textbooks/hoken1-seiho_01.pdf#page=30,exams/H22G.pdf#page=7,
H22-Q2(1),H22,第Ⅰ部,問題2,(1),10,保険料細分化の公平性と留意点,説明,保険技術的公平性／社会的公平性／同質性／測定可能性,知識型,料率細分化,3,S,hoken1-seiho_01.pdf,第1章 営業保険料 ＞ 1.5.1 理念としての公平性原則,1.5.2 保険技術的公平性と社会的公平性／1.5.3 料率区分の留意点,教科書リンクを小問テーマに近い見出しへ寄せ直し。関連：1.5.2 保険技術的公平性と社会的公平性／1.5.3 料率区分の留意点,23,1-21,H22G.pdf,p.3,3,8,exams/H22G.pdf#page=3,textbooks/hoken1-seiho_01.pdf#page=23,exams/H22G.pdf#page=8,
H22-Q2(2),H22,第Ⅰ部,問題2,(2),10,負値責任準備金が生じる場合と留意点,説明,平準純保険料式／第三分野／責任準備金負値／商品設計,複合型,営業保険料・責任準備金,4,A,hoken1-seiho_01.pdf,第1章 営業保険料 ＞ 1.2.3 その他 ＞ 標準責任準備金制度との関係,1.4.5 計算基礎率設定に影響する商品性,教科書リンクを小問テーマに近い見出しへ寄せ直し。関連：1.4.5 計算基礎率設定に影響する商品性,5,1-3,H22G.pdf,p.3,3,9,exams/H22G.pdf#page=3,textbooks/hoken1-seiho_01.pdf#page=5,exams/H22G.pdf#page=9,
H22-Q2(3),H22,第Ⅰ部,問題2,(3),10,商品毎収益検証とアセット・シェア,計算・説明,利益／アセット・シェア／モデル／パラメータ,計算型,商品毎収益検証,4,A,hoken1-seiho_10.pdf,第10章 商品毎収益検証 ＞ 10.9.4 アセット・シェアと責任準備金の場合,第3章 アセット・シェア／10.10 モデルの構築,教科書リンクを小問テーマに近い見出しへ寄せ直し。関連：第3章 アセット・シェア／10.10 モデルの構築,57,10-51,H22G.pdf,p.3,3,10,exams/H22G.pdf#page=3,textbooks/hoken1-seiho_10.pdf#page=57,exams/H22G.pdf#page=10,
H22-Q2(4),H22,第Ⅰ部,問題2,(4),10,低解約返戻金型商品の商品設計,説明,低解約返戻金／責任準備金／解約控除／契約者理解,複合型,解約返戻金,4,S,hoken1-seiho_02.pdf,第2章 解約および解約返戻金 ＞ 2.5.2 低・無解約返戻金型商品,2.8.2 低・無解約返戻金型商品の議論,教科書リンクを小問テーマに近い見出しへ寄せ直し。関連：2.8.2 低・無解約返戻金型商品の議論,27,2-21,H22G.pdf,p.4,4,10,exams/H22G.pdf#page=4,textbooks/hoken1-seiho_02.pdf#page=27,exams/H22G.pdf#page=10,
H22-Q3(1),H22,第Ⅱ部,問題3,(1),40,終身保険の予定利率設定,所見論述,予定利率／低金利／健全性／商品競争力／ALM,所見型,営業保険料・基礎率,5,S,hoken1-seiho_01.pdf,第1章 営業保険料 ＞ 1.4.3 予定利率,10.5 金利のシナリオ設定,教科書リンクを小問テーマに近い見出しへ寄せ直し。関連：10.5 金利のシナリオ設定,13,1-11,H22G.pdf,p.6,6,11,exams/H22G.pdf#page=6,textbooks/hoken1-seiho_01.pdf#page=13,exams/H22G.pdf#page=11,
H22-Q3(2),H22,第Ⅱ部,問題3,(2),40,医療保険の商品毎収益分析,所見論述,医療保険／商品特性／発生率／解約率／ストレステスト,所見型,医療保険・商品毎収益検証,5,S,hoken1-seiho_10.pdf,第10章 商品毎収益検証 ＞ 10.10.1 モデルの選定,7.4 医療保険の保険料計算,教科書リンクを小問テーマに近い見出しへ寄せ直し。関連：7.4 医療保険の保険料計算,58,10-52,H22G.pdf,p.6,6,16,exams/H22G.pdf#page=6,textbooks/hoken1-seiho_10.pdf#page=58,exams/H22G.pdf#page=16,
H23-Q1(1),H23,第Ⅰ部,問題1,(1),?,RSLN2による株価収益率モデル,計算,局面転換対数正規モデル／定常確率／シミュレーション／特別勘定,計算型,変額年金・リスク評価,4,A,hoken1-seiho_05.pdf,第5章 変額年金保険 ＞ 5.3.1 CTEアプローチ,5.3.2 リスク調整済み期待値アプローチ,教科書リンクを小問テーマに近い見出しへ寄せ直し。関連：5.3.2 リスク調整済み期待値アプローチ,15,5-11,H23G.pdf,p.1,1,9,exams/H23G.pdf#page=1,textbooks/hoken1-seiho_05.pdf#page=15,exams/H23G.pdf#page=9,
H23-Q1(2),H23,第Ⅰ部,問題1,(2),?,年齢・性別によらない一律危険発生率,説明,一律料率／危険発生率／公平性／逆選択／許容条件,知識型,料率細分化,3,A,hoken1-seiho_01.pdf,第1章 営業保険料 ＞ 1.5.3 保険料率の区分にあたって留意すべき事項,1.5.1 理念としての公平性原則,教科書リンクを小問テーマに近い見出しへ寄せ直し。関連：1.5.1 理念としての公平性原則,26,1-24,H23G.pdf,p.2,2,10,exams/H23G.pdf#page=2,textbooks/hoken1-seiho_01.pdf#page=26,exams/H23G.pdf#page=10,
H23-Q1(3),H23,第Ⅰ部,問題1,(3),?,就業不能所得補償保険の退職者給付制限,説明,就業不能所得補償／退職者／給付期間／モラルリスク,知識型,医療保険,3,B,hoken1-seiho_06.pdf,第6章 団体生命保険 ＞ 6.5.4 団体就業不能（所得補償）保険,7.3 医療保険の代表的保障内容,教科書リンクを小問テーマに近い見出しへ寄せ直し。関連：7.3 医療保険の代表的保障内容,16,6-12,H23G.pdf,p.2,2,10,exams/H23G.pdf#page=2,textbooks/hoken1-seiho_06.pdf#page=16,exams/H23G.pdf#page=10,
H23-Q1(4),H23,第Ⅰ部,問題1,(4),?,定期保険のプロフィット・マージン,計算・グラフ選択,プロフィット・マージン／解約率／死亡率／責任準備金,計算型,商品毎収益検証,5,S,hoken1-seiho_10.pdf,第10章 商品毎収益検証 ＞ 10.9.1 プロフィット・マージン,10.9.2 投資回収年度,教科書リンクを小問テーマに近い見出しへ寄せ直し。関連：10.9.2 投資回収年度,54,10-48,H23G.pdf,p.3,3,10,exams/H23G.pdf#page=3,textbooks/hoken1-seiho_10.pdf#page=54,exams/H23G.pdf#page=10,
H23-Q2(1),H23,第Ⅰ部,問題2,(1),10,新設保険会社における共同保険式再保険,説明,共同保険式再保険／新契約費／出再保険受入手数料／資本効率,複合型,再保険,4,S,hoken1-seiho_08.pdf,第8章 再保険 ＞ 8.3.2 共同保険式再保険,8.1.2 再保険の目的,教科書リンクを小問テーマに近い見出しへ寄せ直し。関連：8.1.2 再保険の目的,22,8-18,H23G.pdf,p.6,6,12,exams/H23G.pdf#page=6,textbooks/hoken1-seiho_08.pdf#page=22,exams/H23G.pdf#page=12,
H23-Q2(2),H23,第Ⅰ部,問題2,(2),10,変額年金保険の経済価値ヘッジと会計価値ヘッジ,説明,経済価値ヘッジ／会計価値ヘッジ／責任準備金／最低保証／デリバティブ／会計ミスマッチ,知識型,変額年金,3,S,hoken1-seiho_05.pdf,第5章 変額年金保険 ＞ 5.5.1 経済価値のヘッジ ＞ 5.5.2 会計価値のヘッジ,5.5.3 テイルリスクのヘッジ,教科書リンクを小問テーマに近い見出しへ寄せ直し。関連：5.5.3 テイルリスクのヘッジ,34,5-30,H23G.pdf,p.6,6,13,exams/H23G.pdf#page=6,textbooks/hoken1-seiho_05.pdf#page=34,exams/H23G.pdf#page=13,
H23-Q2(3),H23,第Ⅰ部,問題2,(3),10,責任準備金額が死亡保険金額を上回る場合の解約返戻金設計,説明,責任準備金＞死亡保険金／解約返戻金＞死亡保険金／トンチン性／契約者間公平性／解約返戻金制限,知識型,解約返戻金,4,A,hoken1-seiho_02.pdf,第2章 解約および解約返戻金 ＞ 2.4.1 健全性 ＞ 2.4.2 公平性,2.5 商品開発における留意事項,教科書リンクを小問テーマに近い見出しへ寄せ直し。関連：2.5 商品開発における留意事項,20,2-14,H23G.pdf,p.6,6,13,exams/H23G.pdf#page=6,textbooks/hoken1-seiho_02.pdf#page=20,exams/H23G.pdf#page=13,
H23-Q2(4),H23,第Ⅰ部,問題2,(4),10,団体生命保険の経験料率・無配当団体保険料率設定,説明,経験料率／配当清算法／有配当方式／無配当団体生命保険／将来調整／団体規模,知識型,団体生命保険,4,S,hoken1-seiho_06.pdf,第6章 団体生命保険 ＞ 6.6.3 経験料率,6.7 配当,教科書リンクを小問テーマに近い見出しへ寄せ直し。関連：6.7 配当,21,6-17,H23G.pdf,p.6,6,15,exams/H23G.pdf#page=6,textbooks/hoken1-seiho_06.pdf#page=21,exams/H23G.pdf#page=15,
H23-Q3(1),H23,第Ⅱ部,問題3,(1),40,無選択・引受基準緩和型医療保険の開発,所見論述,無選択／緩和型／医療保険／危険選択／予定発生率／モニタリング,所見型,医療保険・危険選択,5,S,hoken1-seiho_07.pdf,第7章 医療保険 ＞ 7.4.1.4 予定発生率および予定入院日数などの設定の留意点,4.4.4 危険選択（アンダーライティング）,教科書リンクを小問テーマに近い見出しへ寄せ直し。関連：4.4.4 危険選択（アンダーライティング）,20,7-16,H23G.pdf,p.7,7,17,exams/H23G.pdf#page=7,textbooks/hoken1-seiho_07.pdf#page=20,exams/H23G.pdf#page=17,
H23-Q3(2),H23,第Ⅱ部,問題3,(2),40,アキュムレーション方式によるプライシング,所見論述,アキュムレーション方式／利益目標／予定利率／アセット・シェア,所見型,アセット・シェア,5,S,hoken1-seiho_03.pdf,第3章 アセット・シェア ＞ 3.3.1 料率設定への活用,3.2 アセット・シェア計算の原理,教科書リンクを小問テーマに近い見出しへ寄せ直し。関連：3.2 アセット・シェア計算の原理,25,3-21,H23G.pdf,p.7,7,24,exams/H23G.pdf#page=7,textbooks/hoken1-seiho_03.pdf#page=25,exams/H23G.pdf#page=24,
H24-Q1(1),H24,第Ⅰ部,問題1,(1),5,医療保険の入院発生率・給付日数,計算・説明,入院日数／フランチャイズ方式／粗発生率／粗給付日数／モラルリスク,計算型,医療保険,4,S,hoken1-seiho_07.pdf,第7章 医療保険 ＞ 7.4.1.2 発生率,7.4.1.4 予定発生率および予定入院日数などの設定の留意点,教科書リンクを小問テーマに近い見出しへ寄せ直し。関連：7.4.1.4 予定発生率および予定入院日数などの設定の留意点,18,7-14,H24G.pdf,p.1,1,7,exams/H24G.pdf#page=1,textbooks/hoken1-seiho_07.pdf#page=18,exams/H24G.pdf#page=7,
H24-Q1(2),H24,第Ⅰ部,問題1,(2),5,集積リスク移転を目的とする生命再保険,説明,集積リスク／Cat Cover／エクセスオブロス／証券化,知識型,再保険,3,S,hoken1-seiho_08.pdf,第8章 再保険 ＞ 8.3.4 エクセスオブロス・カバー,8.1.2 再保険の目的／8.3.5 ストップロス・カバー,教科書リンクを小問テーマに近い見出しへ寄せ直し。関連：8.1.2 再保険の目的／8.3.5 ストップロス・カバー,28,8-24,H24G.pdf,p.2,2,7,exams/H24G.pdf#page=2,textbooks/hoken1-seiho_08.pdf#page=28,exams/H24G.pdf#page=7,
H24-Q1(3),H24,第Ⅰ部,問題1,(3),5,保険法における保険契約の類型,語句記入,生命保険契約／損害保険契約／傷害疾病定額保険／損害てん補,知識型,法令・基礎書類,3,A,hoken1-seiho_04.pdf,第4章 生命保険の商品開発 ＞ 4.4.10 法令等,7.1.1 保険業法上の医療保険,教科書リンクを小問テーマに近い見出しへ寄せ直し。関連：7.1.1 保険業法上の医療保険,54,4-51,H24G.pdf,p.2,2,7,exams/H24G.pdf#page=2,textbooks/hoken1-seiho_04.pdf#page=54,exams/H24G.pdf#page=7,
H24-Q1(4),H24,第Ⅰ部,問題1,(4),5,アセット・シェア計算の活用目的,列挙・説明,保険料率／責任準備金十分性／配当確認／組織変更,知識型,アセット・シェア,2,S,hoken1-seiho_03.pdf,第3章 アセット・シェア ＞ 3.1.2 アセット・シェア計算の目的,3.3 アセット・シェアの活用例,教科書リンクを小問テーマに近い見出しへ寄せ直し。関連：3.3 アセット・シェアの活用例,6,3-2,H24G.pdf,p.2,2,7,exams/H24G.pdf#page=2,textbooks/hoken1-seiho_03.pdf#page=6,exams/H24G.pdf#page=7,
H24-Q2(1),H24,第Ⅰ部,問題2,(1),10,金利上昇時の解約返戻金支払と流動性問題,説明,金利上昇／解約増加／流動性リスク／MVA／ALM,複合型,解約返戻金・金利リスク,4,S,hoken1-seiho_02.pdf,第2章 解約および解約返戻金 ＞ 2.7.4 流動性に対するリスク管理,2.7.2 ALMの観点からみた解約,教科書リンクを小問テーマに近い見出しへ寄せ直し。関連：2.7.2 ALMの観点からみた解約,42,2-36,H24G.pdf,p.3,3,8,exams/H24G.pdf#page=3,textbooks/hoken1-seiho_02.pdf#page=42,exams/H24G.pdf#page=8,
H24-Q2(2),H24,第Ⅰ部,問題2,(2),10,変額年金保険の動的解約モデル,計算・説明,動的解約率／インザマネーネス／最低保証金額／ステップアップ,計算型,変額年金・解約モデル,5,S,hoken1-seiho_02.pdf,第2章 解約および解約返戻金 ＞ 2.6.4 動的解約率前提,第5章 変額年金保険 ＞ 5.2 最低保証リスク,教科書リンクを小問テーマに近い見出しへ寄せ直し。関連：第5章 変額年金保険 ＞ 5.2 最低保証リスク,37,2-31,H24G.pdf,p.3,3,10,exams/H24G.pdf#page=3,textbooks/hoken1-seiho_02.pdf#page=37,exams/H24G.pdf#page=10,
H24-Q2(3),H24,第Ⅰ部,問題2,(3),10,モデル・ポイントの説明と設定上の留意点,説明,モデル・ポイント／代表契約／選定単位／計算効率／ヴァリデーション／恣意性排除,知識型,商品毎収益検証,3,S,hoken1-seiho_10.pdf,第10章 商品毎収益検証 ＞ 10.10.2 保険群団単位モデルとモデルポイント法の注意事項,10.10.3 代表契約単位のモデルと将来指標,教科書リンクを小問テーマに近い見出しへ寄せ直し。関連：10.10.3 代表契約単位のモデルと将来指標,59,10-53,H24G.pdf,p.4,5,10,exams/H24G.pdf#page=5,textbooks/hoken1-seiho_10.pdf#page=59,exams/H24G.pdf#page=10,
H24-Q2(4),H24,第Ⅰ部,問題2,(4),10,予定保険料払込免除率の設定と責任準備金・契約者価額,説明,保険料払込免除率／障害状態／要介護状態／責任準備金／契約者価額／基礎率整合性,知識型,営業保険料・基礎率,4,A,hoken1-seiho_01.pdf,第1章 営業保険料 ＞ 1.4.1 予定死亡率・予定給付発生率等,2.2.2 解約返戻金に係る法規整,教科書リンクを小問テーマに近い見出しへ寄せ直し。関連：2.2.2 解約返戻金に係る法規整,9,1-7,H24G.pdf,p.4,5,12,exams/H24G.pdf#page=5,textbooks/hoken1-seiho_01.pdf#page=9,exams/H24G.pdf#page=12,
H24-Q3(1),H24,第Ⅱ部,問題3,(1),20,低金利下における団体年金保険の予定利率設定,所見論述,低金利／予定利率／団体年金／金利リスク／販売停止・据置,所見型,営業保険料・予定利率,5,S,hoken1-seiho_01.pdf,第1章 営業保険料 ＞ 1.4.3 予定利率,10.5 金利のシナリオ設定,教科書リンクを小問テーマに近い見出しへ寄せ直し。関連：10.5 金利のシナリオ設定,13,1-11,H24G.pdf,p.6,6,14,exams/H24G.pdf#page=6,textbooks/hoken1-seiho_01.pdf#page=13,exams/H24G.pdf#page=14,
H24-Q3(2),H24,第Ⅱ部,問題3,(2),20,金融機関代理店チャネルの商品設計・価格設定,所見論述,乗合代理店／金融機関窓販／商品設計／チャネル特性／ガバナンス,所見型,商品開発・販売チャネル,5,S,hoken1-seiho_04.pdf,第4章 生命保険の商品開発 ＞ 4.4.3 販売経路（営業、募集）,4.2.1 商品開発プロセスの概略／1.4.4 予定事業費率,教科書リンクを小問テーマに近い見出しへ寄せ直し。関連：4.2.1 商品開発プロセスの概略／1.4.4 予定事業費率,39,4-36,H24G.pdf,p.6,6,17,exams/H24G.pdf#page=6,textbooks/hoken1-seiho_04.pdf#page=39,exams/H24G.pdf#page=17,
H25-Q1(1),H25,第Ⅰ部,問題1,(1),5,第三分野標準生命表2007の作成方法,語句記入,第三分野標準生命表／基礎データ／補整／死亡保険用死亡率,知識型,医療保険,3,A,hoken1-seiho_07.pdf,第7章 医療保険 ＞ 7.4.1.1 死亡率,付録4 第三分野標準生命表2018の作成概要,教科書リンクを小問テーマに近い見出しへ寄せ直し。関連：付録4 第三分野標準生命表2018の作成概要,17,7-13,H25G.pdf,p.1,1,6,exams/H25G.pdf#page=1,textbooks/hoken1-seiho_07.pdf#page=17,exams/H25G.pdf#page=6,
H25-Q1(2),H25,第Ⅰ部,問題1,(2),5,アセット・シェアの料率設定への活用,語句記入,イクエーション方式／アキュムレーション方式／利益目標／保険料率,知識型,アセット・シェア,3,S,hoken1-seiho_03.pdf,第3章 アセット・シェア ＞ 3.3.1 料率設定への活用,3.2 アセット・シェア計算の原理,教科書リンクを小問テーマに近い見出しへ寄せ直し。関連：3.2 アセット・シェア計算の原理,25,3-21,H25G.pdf,p.1,1,6,exams/H25G.pdf#page=1,textbooks/hoken1-seiho_03.pdf#page=25,exams/H25G.pdf#page=6,
H25-Q1(3),H25,第Ⅰ部,問題1,(3),5,財務再保険の定義と会計処理,語句記入,財務再保険／手数料収入／収益認識／預かり金,知識型,再保険,3,S,hoken1-seiho_08.pdf,第8章 再保険 ＞ 8.2.4 伝統的再保険・非伝統的再保険,8.4.3 ファイナイト・リスク保険,教科書リンクを小問テーマに近い見出しへ寄せ直し。関連：8.4.3 ファイナイト・リスク保険,13,8-9,H25G.pdf,p.2,2,6,exams/H25G.pdf#page=2,textbooks/hoken1-seiho_08.pdf#page=13,exams/H25G.pdf#page=6,
H25-Q1(4),H25,第Ⅰ部,問題1,(4),5,団体生命保険の数理算式,計算・算式,二項分布／純保険料／剰余／保険料率,計算型,団体生命保険,4,A,hoken1-seiho_06.pdf,第6章 団体生命保険 ＞ 6.6.1 保険料,6.6.2 平均保険料率,教科書リンクを小問テーマに近い見出しへ寄せ直し。関連：6.6.2 平均保険料率,19,6-15,H25G.pdf,p.2,2,6,exams/H25G.pdf#page=2,textbooks/hoken1-seiho_06.pdf#page=19,exams/H25G.pdf#page=6,
H25-Q1(5),H25,第Ⅰ部,問題1,(5),5,VaRとCTEの説明・特徴,説明・数式,VaR／CTE／テイルリスク／リスク尺度,知識型,変額年金・リスク評価,3,S,hoken1-seiho_05.pdf,第5章 変額年金保険 ＞ 5.3.1 CTEアプローチ,5.3 変額年金保険数理の基本的な考え方,教科書リンクを小問テーマに近い見出しへ寄せ直し。関連：5.3 変額年金保険数理の基本的な考え方,15,5-11,H25G.pdf,p.3,3,7,exams/H25G.pdf#page=3,textbooks/hoken1-seiho_05.pdf#page=15,exams/H25G.pdf#page=7,
H25-Q1(6),H25,第Ⅰ部,問題1,(6),5,医療保険のIBNR備金と入院責任準備金,説明,IBNR／入院責任準備金／既発生未報告／支払備金,知識型,医療保険,3,S,hoken1-seiho_07.pdf,第7章 医療保険 ＞ 7.5.3 支払備金・既発生未報告支払備金,7.5.3.1 既発生未報告支払備金と入院責任準備金との関係,教科書リンクを小問テーマに近い見出しへ寄せ直し。関連：7.5.3.1 既発生未報告支払備金と入院責任準備金との関係,26,7-22,H25G.pdf,p.3,3,7,exams/H25G.pdf#page=3,textbooks/hoken1-seiho_07.pdf#page=26,exams/H25G.pdf#page=7,
H25-Q2(1),H25,第Ⅰ部,問題2,(1),10,MVAの算式と利率設定の留意点,説明・算式,MVA／契約時利率／解約時利率／タイムラグマージン,複合型,解約返戻金・MVA,4,S,hoken1-seiho_02.pdf,第2章 解約および解約返戻金 ＞ 2.5.4 市場価格調整（Market Value Adjustment）,2.6.3 MVAの影響,教科書リンクを小問テーマに近い見出しへ寄せ直し。関連：2.6.3 MVAの影響,30,2-24,H25G.pdf,p.4,4,8,exams/H25G.pdf#page=4,textbooks/hoken1-seiho_02.pdf#page=30,exams/H25G.pdf#page=8,
H25-Q2(2),H25,第Ⅰ部,問題2,(2),10,保険料率区分要素と男女別料率,説明,同質性／分離の必然性／測定可能性／男女別料率,知識型,料率細分化,3,S,hoken1-seiho_01.pdf,第1章 営業保険料 ＞ 1.5.3 保険料率の区分にあたって留意すべき事項,1.5.2 保険技術的公平性と社会的公平性,教科書リンクを小問テーマに近い見出しへ寄せ直し。関連：1.5.2 保険技術的公平性と社会的公平性,26,1-24,H25G.pdf,p.4,4,9,exams/H25G.pdf#page=4,textbooks/hoken1-seiho_01.pdf#page=26,exams/H25G.pdf#page=9,
H25-Q2(3),H25,第Ⅰ部,問題2,(3),10,商品毎収益検証における事業費シナリオ設定,説明,新契約費／維持費／配賦単位／会社経験値／規模の経済,複合型,商品毎収益検証,4,S,hoken1-seiho_10.pdf,第10章 商品毎収益検証 ＞ 10.7 事業費の設定,10.7.5 規模の弾力性,教科書リンクを小問テーマに近い見出しへ寄せ直し。関連：10.7.5 規模の弾力性,43,10-37,H25G.pdf,p.4,4,10,exams/H25G.pdf#page=4,textbooks/hoken1-seiho_10.pdf#page=43,exams/H25G.pdf#page=10,
H25-Q3(1),H25,第Ⅱ部,問題3,(1),20,無解約返戻金型商品の開発・予定解約率,所見論述,無解約返戻金／予定解約率／契約者理解／解約率変動リスク,所見型,解約返戻金,5,S,hoken1-seiho_02.pdf,第2章 解約および解約返戻金 ＞ 2.5.2 低・無解約返戻金型商品,2.6.2 解約リスク,教科書リンクを小問テーマに近い見出しへ寄せ直し。関連：2.6.2 解約リスク,27,2-21,H25G.pdf,p.5,5,12,exams/H25G.pdf#page=5,textbooks/hoken1-seiho_02.pdf#page=27,exams/H25G.pdf#page=12,
H25-Q3(2),H25,第Ⅱ部,問題3,(2),20,長寿リスクと個人年金保険の商品設計,所見論述,長寿リスク／年金開始後死亡率／予定利率／再保険／商品設計,所見型,営業保険料・基礎率,5,S,hoken1-seiho_04.pdf,第4章 生命保険の商品開発 ＞ 4.3.1 保険給付等の詳細設計,1.4.1 予定死亡率・予定給付発生率等,教科書リンクを小問テーマに近い見出しへ寄せ直し。関連：1.4.1 予定死亡率・予定給付発生率等,26,4-23,H25G.pdf,p.5,5,15,exams/H25G.pdf#page=5,textbooks/hoken1-seiho_04.pdf#page=26,exams/H25G.pdf#page=15,
H26-Q1(1),H26,第Ⅰ部,問題1,(1),5,算出方法書の記載事項,語句記入,返戻金／契約者配当／未収保険料／保険期間／保険数理,知識型,法令・基礎書類,2,S,hoken1-seiho_04.pdf,第4章 生命保険の商品開発 ＞ ［参考］商品開発に関連する基礎書類,4.4.10 法令等,教科書リンクを小問テーマに近い見出しへ寄せ直し。関連：4.4.10 法令等,56,4-53,H26G.pdf,p.1,1,7,exams/H26G.pdf#page=1,textbooks/hoken1-seiho_04.pdf#page=56,exams/H26G.pdf#page=7,
H26-Q1(2),H26,第Ⅰ部,問題1,(2),5,団体保険の商品種類・目的,語句記入,総合福祉団体定期保険／ヒューマン・ヴァリュー特約／団体信用生命保険,知識型,団体生命保険,2,S,hoken1-seiho_06.pdf,第6章 団体生命保険 ＞ 6.5 団体保険の種類,6.4 団体定期保険の総論,教科書リンクを小問テーマに近い見出しへ寄せ直し。関連：6.4 団体定期保険の総論,12,6-8,H26G.pdf,p.1,1,7,exams/H26G.pdf#page=1,textbooks/hoken1-seiho_06.pdf#page=12,exams/H26G.pdf#page=7,
H26-Q1(3),H26,第Ⅰ部,問題1,(3),5,非伝統的再保険とART,語句記入,財務再保険／サープラス・リリーフ／ART／キャプティブ／証券化,知識型,再保険,3,S,hoken1-seiho_08.pdf,第8章 再保険 ＞ 8.2.4 伝統的再保険・非伝統的再保険,8.4 再保険と財務改善,教科書リンクを小問テーマに近い見出しへ寄せ直し。関連：8.4 再保険と財務改善,13,8-9,H26G.pdf,p.2,2,7,exams/H26G.pdf#page=2,textbooks/hoken1-seiho_08.pdf#page=13,exams/H26G.pdf#page=7,
H26-Q1(4),H26,第Ⅰ部,問題1,(4),5,死亡率の年齢調整,計算・説明,経験死亡率／年齢調整／経過契約分布／件数ベース死亡率,計算型,営業保険料・基礎率,4,A,hoken1-seiho_01.pdf,第1章 営業保険料 ＞ 1.4.1 予定死亡率・予定給付発生率等,7.4.1.1 死亡率,教科書リンクを小問テーマに近い見出しへ寄せ直し。関連：7.4.1.1 死亡率,9,1-7,H26G.pdf,p.3,3,7,exams/H26G.pdf#page=3,textbooks/hoken1-seiho_01.pdf#page=9,exams/H26G.pdf#page=7,
H26-Q1(5),H26,第Ⅰ部,問題1,(5),5,変額年金保険の会計価値ヘッジ,説明,会計価値ヘッジ／責任準備金／経済価値ヘッジ／デリバティブ,知識型,変額年金・ヘッジ,3,S,hoken1-seiho_05.pdf,第5章 変額年金保険 ＞ 5.5.2 会計価値のヘッジ,5.5.1 経済価値のヘッジ,教科書リンクを小問テーマに近い見出しへ寄せ直し。関連：5.5.1 経済価値のヘッジ,35,5-31,H26G.pdf,p.4,4,8,exams/H26G.pdf#page=4,textbooks/hoken1-seiho_05.pdf#page=35,exams/H26G.pdf#page=8,
H26-Q1(6),H26,第Ⅰ部,問題1,(6),5,第三分野基礎率変更権の審査上の留意事項,説明,基礎率変更権／審査／予定発生率／契約者保護,知識型,医療保険,3,S,hoken1-seiho_07.pdf,第7章 医療保険 ＞ 7.6.2 基礎率変更権を行使する認可申請の取扱い,7.6.1 基礎率変更権の設定について,教科書リンクを小問テーマに近い見出しへ寄せ直し。関連：7.6.1 基礎率変更権の設定について,37,7-33,H26G.pdf,p.4,4,8,exams/H26G.pdf#page=4,textbooks/hoken1-seiho_07.pdf#page=37,exams/H26G.pdf#page=8,
H26-Q2(1),H26,第Ⅰ部,問題2,(1),10,高額割引制度のメリット・デメリット,説明,高額割引／費用主義／価格競争力／公平性／逆選択,複合型,料率細分化,4,A,hoken1-seiho_01.pdf,第1章 営業保険料 ＞ 1.5.3 保険料率の区分にあたって留意すべき事項,1.5.1 理念としての公平性原則,教科書リンクを小問テーマに近い見出しへ寄せ直し。関連：1.5.1 理念としての公平性原則,26,1-24,H26G.pdf,p.5,5,9,exams/H26G.pdf#page=5,textbooks/hoken1-seiho_01.pdf#page=26,exams/H26G.pdf#page=9,
H26-Q2(2),H26,第Ⅰ部,問題2,(2),10,優良体保険導入時の留意事項,説明,優良体／死亡率／査定基準／既契約への影響／募集トラブル,複合型,危険選択・料率細分化,4,S,hoken1-seiho_01.pdf,第1章 営業保険料 ＞ 1.5.3 保険料率の区分にあたって留意すべき事項,4.4.4 危険選択（アンダーライティング）,教科書リンクを小問テーマに近い見出しへ寄せ直し。関連：4.4.4 危険選択（アンダーライティング）,26,1-24,H26G.pdf,p.5,5,10,exams/H26G.pdf#page=5,textbooks/hoken1-seiho_01.pdf#page=26,exams/H26G.pdf#page=10,
H26-Q2(3),H26,第Ⅰ部,問題2,(3),10,解約益リスクと継続リスク,説明,解約益リスク／継続リスク／将来利益／解約率／収益性,知識型,解約返戻金,3,S,hoken1-seiho_02.pdf,第2章 解約および解約返戻金 ＞ 2.6.1 解約益 ＞ 2.6.2 解約リスク,2.6.4 動的解約率前提,教科書リンクを小問テーマに近い見出しへ寄せ直し。関連：2.6.4 動的解約率前提,32,2-26,H26G.pdf,p.5,5,12,exams/H26G.pdf#page=5,textbooks/hoken1-seiho_02.pdf#page=32,exams/H26G.pdf#page=12,
H26-Q3(1),H26,第Ⅱ部,問題3,(1),20,市場整合的評価手法を用いた商品毎収益検証,所見論述,市場整合的評価／リスクフリーレート／ALM／シナリオ／収益性,所見型,商品毎収益検証,5,S,hoken1-seiho_10.pdf,第10章 商品毎収益検証 ＞ 10.3.1 商品毎収益検証に使うシナリオと手法,10.9 収益性・健全性の指標の例,教科書リンクを小問テーマに近い見出しへ寄せ直し。関連：10.9 収益性・健全性の指標の例,12,10-6,H26G.pdf,p.6,6,13,exams/H26G.pdf#page=6,textbooks/hoken1-seiho_10.pdf#page=12,exams/H26G.pdf#page=13,
H26-Q3(2),H26,第Ⅱ部,問題3,(2),20,医療保険の開発・商品設計・基礎率設定,所見論述,医療保険／逆選択／モラルリスク／給付設計／予定発生率,所見型,医療保険・商品開発,5,S,hoken1-seiho_07.pdf,第7章 医療保険 ＞ 7.4.1.4 予定発生率および予定入院日数などの設定の留意点,4.3.1 保険給付等の詳細設計／7.3 保障内容,教科書リンクを小問テーマに近い見出しへ寄せ直し。関連：4.3.1 保険給付等の詳細設計／7.3 保障内容,20,7-16,H26G.pdf,p.6,6,16,exams/H26G.pdf#page=6,textbooks/hoken1-seiho_07.pdf#page=20,exams/H26G.pdf#page=16,
H28-Q1(1),H28,第Ⅰ部,問題1,(1),5,保険業法第3条・生命保険業免許の範囲,語句記入,生存又は死亡／疾病／傷害／出産／不妊治療,知識型,法令・基礎書類,3,A,hoken1-seiho_04.pdf,第4章 生命保険の商品開発 ＞ 4.4.10 法令等,7.1.1 保険業法上の医療保険,教科書リンクを小問テーマに近い見出しへ寄せ直し。関連：7.1.1 保険業法上の医療保険,54,4-51,H28G.pdf,p.1,1,7,exams/H28G.pdf#page=1,textbooks/hoken1-seiho_04.pdf#page=54,exams/H28G.pdf#page=7,
H28-Q1(2),H28,第Ⅰ部,問題1,(2),5,大蔵省告示第233号・財務再保険,語句記入,すべてのリスク／出再保険受入手数料／現金／共同保険式再保険,知識型,再保険,3,S,hoken1-seiho_08.pdf,第8章 再保険 ＞ 8.2.4 伝統的再保険・非伝統的再保険,8.2.5 再保険判定,教科書リンクを小問テーマに近い見出しへ寄せ直し。関連：8.2.5 再保険判定,13,8-9,H28G.pdf,p.2,2,7,exams/H28G.pdf#page=2,textbooks/hoken1-seiho_08.pdf#page=13,exams/H28G.pdf#page=7,
H28-Q1(3),H28,第Ⅰ部,問題1,(3),5,変額年金保険の最低保証リスク基本構造,語句記入,プット・オプション／コール・オプション／プットコールパリティ／金利リスク,知識型,変額年金・リスク評価,3,S,hoken1-seiho_05.pdf,第5章 変額年金保険 ＞ 5.2 最低保証リスクの基本的構造,5.3 変額年金保険数理の基本的な考え方,教科書リンクを小問テーマに近い見出しへ寄せ直し。関連：5.3 変額年金保険数理の基本的な考え方,9,5-5,H28G.pdf,p.3,3,7,exams/H28G.pdf#page=3,textbooks/hoken1-seiho_05.pdf#page=9,exams/H28G.pdf#page=7,
H28-Q1(4),H28,第Ⅰ部,問題1,(4),5,保障性商品のプロフィット・マージン計算,計算,営業保険料／純保険料／付加保険料／プロフィット・マージン,計算型,商品毎収益検証,4,A,hoken1-seiho_10.pdf,第10章 商品毎収益検証 ＞ 10.9.1 プロフィット・マージン,10.9.2 投資回収年度,教科書リンクを小問テーマに近い見出しへ寄せ直し。関連：10.9.2 投資回収年度,54,10-48,H28G.pdf,p.4,4,7,exams/H28G.pdf#page=4,textbooks/hoken1-seiho_10.pdf#page=54,exams/H28G.pdf#page=7,
H28-Q1(5),H28,第Ⅰ部,問題1,(5),5,団体生命保険の優良団体割引・平均保険料率,説明,優良団体割引／平均保険料率／団体規模／経験死亡率,知識型,団体生命保険,3,S,hoken1-seiho_06.pdf,第6章 団体生命保険 ＞ 6.6.4 経験体割引,6.6.2 平均保険料率,教科書リンクを小問テーマに近い見出しへ寄せ直し。関連：6.6.2 平均保険料率,24,6-20,H28G.pdf,p.4,4,8,exams/H28G.pdf#page=4,textbooks/hoken1-seiho_06.pdf#page=24,exams/H28G.pdf#page=8,
H28-Q1(6),H28,第Ⅰ部,問題1,(6),5,特定保険契約と金融商品取引法準用,説明,特定保険契約／変額保険／外貨建保険／市場リスク,知識型,法令・基礎書類,3,A,hoken1-seiho_04.pdf,第4章 生命保険の商品開発 ＞ 4.4.10 法令等,特定保険契約・募集関連規制,教科書リンクを小問テーマに近い見出しへ寄せ直し。関連：特定保険契約・募集関連規制,54,4-51,H28G.pdf,p.4,4,8,exams/H28G.pdf#page=4,textbooks/hoken1-seiho_04.pdf#page=54,exams/H28G.pdf#page=8,
H28-Q2(1),H28,第Ⅰ部,問題2,(1),10,商品毎収益検証の死亡率シナリオ設定,列挙・説明,死亡率シナリオ／会社経験値／業界経験値／国民生命表／選択効果,知識型,商品毎収益検証,3,S,hoken1-seiho_10.pdf,第10章 商品毎収益検証 ＞ 10.4 死亡率のシナリオの設定,10.4.1 会社の過去の経験値／10.4.8 商品特性,教科書リンクを小問テーマに近い見出しへ寄せ直し。関連：10.4.1 会社の過去の経験値／10.4.8 商品特性,19,10-13,H28G.pdf,p.5,5,9,exams/H28G.pdf#page=5,textbooks/hoken1-seiho_10.pdf#page=19,exams/H28G.pdf#page=9,
H28-Q2(2),H28,第Ⅰ部,問題2,(2),10,医療保険の予定発生率の平滑化・料率設定,説明,粗発生率／年齢単調性／補整／予定発生率／営業保険料,複合型,医療保険,4,S,hoken1-seiho_07.pdf,第7章 医療保険 ＞ 7.4.1.4 予定発生率および予定入院日数などの設定の留意点,1.5 保険料の細分化,教科書リンクを小問テーマに近い見出しへ寄せ直し。関連：1.5 保険料の細分化,20,7-16,H28G.pdf,p.5,5,11,exams/H28G.pdf#page=5,textbooks/hoken1-seiho_07.pdf#page=20,exams/H28G.pdf#page=11,
H28-Q3(1),H28,第Ⅱ部,問題3,(1),25,新規チャネル商品の事業費シナリオ設定,所見論述,金融機関代理店／インターネット／事業費配賦／シナリオ相関／商品毎収益検証,所見型,商品毎収益検証・販売チャネル,5,S,hoken1-seiho_10.pdf,第10章 商品毎収益検証 ＞ 10.7 事業費の設定,4.4.3 販売経路（営業、募集）,教科書リンクを小問テーマに近い見出しへ寄せ直し。関連：4.4.3 販売経路（営業、募集）,43,10-37,H28G.pdf,p.6,6,12,exams/H28G.pdf#page=6,textbooks/hoken1-seiho_10.pdf#page=43,exams/H28G.pdf#page=12,
H28-Q3(2),H28,第Ⅱ部,問題3,(2),25,無選択平準払終身保険の開発,所見論述,無選択／終身保険／危険選択／料率区分／リスク管理,所見型,危険選択・商品開発,5,S,hoken1-seiho_04.pdf,第4章 生命保険の商品開発 ＞ 4.4.4 危険選択（アンダーライティング）,1.5 保険料の細分化／7.4.1.4 予定発生率,教科書リンクを小問テーマに近い見出しへ寄せ直し。関連：1.5 保険料の細分化／7.4.1.4 予定発生率,42,4-39,H28G.pdf,p.6,6,16,exams/H28G.pdf#page=6,textbooks/hoken1-seiho_04.pdf#page=42,exams/H28G.pdf#page=16,
2018-Q1(1),2018,第Ⅰ部,問題1,(1),5,アセット・シェアの定義と活用目的,説明,アセット・シェア／保険料率／責任準備金十分性／配当確認,知識型,アセット・シェア,2,S,hoken1-seiho_03.pdf,第3章 アセット・シェア ＞ 3.1.1 アセット・シェアの定義,3.1.2 アセット・シェア計算の目的,教科書リンクを小問テーマに近い見出しへ寄せ直し。関連：3.1.2 アセット・シェア計算の目的,5,3-1,2018G.pdf,p.1,1,6,exams/2018G.pdf#page=1,textbooks/hoken1-seiho_03.pdf#page=5,exams/2018G.pdf#page=6,
2018-Q1(2),2018,第Ⅰ部,問題1,(2),5,商品開発の事後モニタリングと改善アクション,説明,事後モニタリング／給付発生指数／予定発生率／改善アクション／副作用,複合型,商品開発・モニタリング,3,S,hoken1-seiho_04.pdf,第4章 生命保険の商品開発 ＞ 4.2.4 事後モニタリングと改善アクション,4.1.1 不確実性の下での財務健全性・収益性,教科書リンクを小問テーマに近い見出しへ寄せ直し。関連：4.1.1 不確実性の下での財務健全性・収益性,22,4-19,2018G.pdf,p.1,1,6,exams/2018G.pdf#page=1,textbooks/hoken1-seiho_04.pdf#page=22,exams/2018G.pdf#page=6,
2018-Q1(3),2018,第Ⅰ部,問題1,(3),5,商品毎収益検証モデル選定の論点,列挙,モデル選定／計算負荷／再現性／目的適合性／モデルポイント,知識型,商品毎収益検証,3,S,hoken1-seiho_10.pdf,第10章 商品毎収益検証 ＞ 10.10.1 モデルの選定,10.10.2 モデル・ポイント法の注意事項,教科書リンクを小問テーマに近い見出しへ寄せ直し。関連：10.10.2 モデル・ポイント法の注意事項,58,10-52,2018G.pdf,p.1,1,6,exams/2018G.pdf#page=1,textbooks/hoken1-seiho_10.pdf#page=58,exams/2018G.pdf#page=6,
2018-Q1(4),2018,第Ⅰ部,問題1,(4),7,監督指針の商品開発態勢・商品審査上の留意点,語句記入,収支予測／合理的／特別利益提供／契約者保護／モラルリスク,知識型,法令・商品開発,3,S,hoken1-seiho_04.pdf,第4章 生命保険の商品開発 ＞ 4.4.10 法令等,4.2.3 事前に確認すべき事項,教科書リンクを小問テーマに近い見出しへ寄せ直し。関連：4.2.3 事前に確認すべき事項,54,4-51,2018G.pdf,p.2,2,7,exams/2018G.pdf#page=2,textbooks/hoken1-seiho_04.pdf#page=54,exams/2018G.pdf#page=7,
2018-Q1(5),2018,第Ⅰ部,問題1,(5),5,最低保証付変額年金保険のプライシング,語句記入,最低保証費用率／特別勘定残高／インザマネー／分散効果／市場整合的,知識型,変額年金・プライシング,3,S,hoken1-seiho_05.pdf,第5章 変額年金保険 ＞ 5.2.1 最低保証の金融リスク,5.3 変額年金保険数理の基本的な考え方,教科書リンクを小問テーマに近い見出しへ寄せ直し。関連：5.3 変額年金保険数理の基本的な考え方,9,5-5,2018G.pdf,p.3,3,7,exams/2018G.pdf#page=3,textbooks/hoken1-seiho_05.pdf#page=9,exams/2018G.pdf#page=7,
2018-Q1(6),2018,第Ⅰ部,問題1,(6),3,団体定期保険の優良団体割引率,計算,優良団体割引／正規分布／信頼区間／被保険者数,計算型,団体生命保険,4,A,hoken1-seiho_06.pdf,第6章 団体生命保険 ＞ 6.6.4 経験体割引,6.6.2 平均保険料率,教科書リンクを小問テーマに近い見出しへ寄せ直し。関連：6.6.2 平均保険料率,24,6-20,2018G.pdf,p.3,3,7,exams/2018G.pdf#page=3,textbooks/hoken1-seiho_06.pdf#page=24,exams/2018G.pdf#page=7,
2018-Q2(1),2018,第Ⅰ部,問題2,(1),10,生保標準生命表2018（死亡保険用）の作成過程,説明,生保標準生命表2018／観察年度／截断／選択効果／高年齢データ,知識型,営業保険料・基礎率,4,S,hoken1-seiho_01.pdf,第1章 営業保険料 ＞ 1.4.1 予定死亡率・予定給付発生率等,7.4.1.1 死亡率,教科書リンクを小問テーマに近い見出しへ寄せ直し。関連：7.4.1.1 死亡率,9,1-7,2018G.pdf,p.4,4,8,exams/2018G.pdf#page=4,textbooks/hoken1-seiho_01.pdf#page=9,exams/2018G.pdf#page=8,
2018-Q2(2),2018,第Ⅰ部,問題2,(2),10,金利上昇時の解約返戻金支払と流動性問題,説明,金利上昇／解約返戻金／流動性リスク／MVA／契約者行動モデル,複合型,解約返戻金・金利リスク,4,S,hoken1-seiho_02.pdf,第2章 解約および解約返戻金 ＞ 2.7.4 流動性に対するリスク管理,2.7.2 ALMの観点からみた解約,教科書リンクを小問テーマに近い見出しへ寄せ直し。関連：2.7.2 ALMの観点からみた解約,42,2-36,2018G.pdf,p.4,4,9,exams/2018G.pdf#page=4,textbooks/hoken1-seiho_02.pdf#page=42,exams/2018G.pdf#page=9,
2018-Q3(1),2018,第Ⅱ部,問題3,(1),25,終身年金型個人年金における長寿リスク・商品設計,所見論述,終身年金／長寿リスク／トンチン性／予定死亡率／解約益,所見型,商品開発・基礎率,5,S,hoken1-seiho_04.pdf,第4章 生命保険の商品開発 ＞ 4.3.1 保険給付等の詳細設計,1.4.1 予定死亡率・予定給付発生率等／4.4.8 資産運用・ALM,教科書リンクを小問テーマに近い見出しへ寄せ直し。関連：1.4.1 予定死亡率・予定給付発生率等／4.4.8 資産運用・ALM,26,4-23,2018G.pdf,p.5,5,10,exams/2018G.pdf#page=5,textbooks/hoken1-seiho_04.pdf#page=26,exams/2018G.pdf#page=10,
2018-Q3(2),2018,第Ⅱ部,問題3,(2),25,ライフスタイルを反映した保険料率細分化,所見論述,料率細分化／公平性／ライフスタイル／測定可能性／逆選択,所見型,料率細分化,5,S,hoken1-seiho_01.pdf,第1章 営業保険料 ＞ 1.5.3 保険料率の区分にあたって留意すべき事項,1.5.2 保険技術的公平性と社会的公平性,教科書リンクを小問テーマに近い見出しへ寄せ直し。関連：1.5.2 保険技術的公平性と社会的公平性,26,1-24,2018G.pdf,p.5,5,15,exams/2018G.pdf#page=5,textbooks/hoken1-seiho_01.pdf#page=26,exams/2018G.pdf#page=15,
2019-Q1(1),2019,第Ⅰ部,問題1,(1),5,第三分野標準生命表2018の作成過程,語句記入,第21回生命表／高度障害／死亡率改善／補整／上限,知識型,医療保険,3,S,hoken1-seiho_07.pdf,第7章 医療保険 ＞ 付録4 第三分野標準生命表2018の作成概要,7.4.1.1 死亡率,教科書リンクを小問テーマに近い見出しへ寄せ直し。関連：7.4.1.1 死亡率,54,7-50,2019G.pdf,p.1,1,7,exams/2019G.pdf#page=1,textbooks/hoken1-seiho_07.pdf#page=54,exams/2019G.pdf#page=7,
2019-Q1(2),2019,第Ⅰ部,問題1,(2),5,監督指針の商品開発に係る内部管理態勢,語句記入,普通保険約款／事業方法書／算出方法書／認可／自己責任原則,知識型,法令・商品開発,3,S,hoken1-seiho_04.pdf,第4章 生命保険の商品開発 ＞ 4.4.10 法令等,4.2.3 事前に確認すべき事項／［参考］基礎書類,教科書リンクを小問テーマに近い見出しへ寄せ直し。関連：4.2.3 事前に確認すべき事項／［参考］基礎書類,54,4-51,2019G.pdf,p.2,2,7,exams/2019G.pdf#page=2,textbooks/hoken1-seiho_04.pdf#page=54,exams/2019G.pdf#page=7,
2019-Q1(3),2019,第Ⅰ部,問題1,(3),5,団体生命保険の配当率算式,算式記入,ポアソン分布／死差益／死差損／配当率／剰余金費用,計算型,団体生命保険,4,S,hoken1-seiho_06.pdf,第6章 団体生命保険 ＞ 6.7 配当,6.6.3 経験料率,教科書リンクを小問テーマに近い見出しへ寄せ直し。関連：6.6.3 経験料率,26,6-22,2019G.pdf,p.3,3,7,exams/2019G.pdf#page=3,textbooks/hoken1-seiho_06.pdf#page=26,exams/2019G.pdf#page=7,
2019-Q1(4),2019,第Ⅰ部,問題1,(4),5,α-β-γ方式の問題点,列挙,付加保険料／αβγ方式／費用主義／高額契約／小口契約,知識型,営業保険料・付加保険料,3,A,hoken1-seiho_01.pdf,第1章 営業保険料 ＞ 1.4.4 予定事業費率,付加保険料方式,教科書リンクを小問テーマに近い見出しへ寄せ直し。関連：付加保険料方式,16,1-14,2019G.pdf,p.3,3,7,exams/2019G.pdf#page=3,textbooks/hoken1-seiho_01.pdf#page=16,exams/2019G.pdf#page=7,
2019-Q1(5),2019,第Ⅰ部,問題1,(5),5,アセット・シェア計算の代表契約方式,説明,代表契約方式／選定単位／モデルポイント／アセット・シェア,知識型,アセット・シェア,3,A,hoken1-seiho_03.pdf,第3章 アセット・シェア ＞ 3.2.1 計算の考え方,3.2.3 代表的な契約による計算例,教科書リンクを小問テーマに近い見出しへ寄せ直し。関連：3.2.3 代表的な契約による計算例,9,3-5,2019G.pdf,p.3,3,7,exams/2019G.pdf#page=3,textbooks/hoken1-seiho_03.pdf#page=9,exams/2019G.pdf#page=7,
2019-Q1(6),2019,第Ⅰ部,問題1,(6),5,変額年金最低保証リスクのDeltaヘッジ,説明,Deltaヘッジ／最低保証／先物／ガンマ／ベーシスリスク,知識型,変額年金・ヘッジ,3,S,hoken1-seiho_05.pdf,第5章 変額年金保険 ＞ 5.5.1 経済価値のヘッジ,5.5.4 ヘッジとモデリング,教科書リンクを小問テーマに近い見出しへ寄せ直し。関連：5.5.4 ヘッジとモデリング,34,5-30,2019G.pdf,p.3,3,8,exams/2019G.pdf#page=3,textbooks/hoken1-seiho_05.pdf#page=34,exams/2019G.pdf#page=8,
2019-Q2(1),2019,第Ⅰ部,問題2,(1),10,MVAの算式・概要・意義・利率設定,説明・算式,MVA／市場価格調整／解約返戻金／解約時利率／タイムラグ,複合型,解約返戻金・MVA,4,S,hoken1-seiho_02.pdf,第2章 解約および解約返戻金 ＞ 2.5.4 市場価格調整（Market Value Adjustment）,2.6.3 MVAの影響,教科書リンクを小問テーマに近い見出しへ寄せ直し。関連：2.6.3 MVAの影響,30,2-24,2019G.pdf,p.4,4,9,exams/2019G.pdf#page=4,textbooks/hoken1-seiho_02.pdf#page=30,exams/2019G.pdf#page=9,
2019-Q2(2),2019,第Ⅰ部,問題2,(2),10,共同保険式・修正共同保険式・資産留保型再保険,説明,共同保険式再保険／修正共同保険式／資産留保型／mod-co,複合型,再保険,4,S,hoken1-seiho_08.pdf,第8章 再保険 ＞ 8.3.3 修正共同保険式再保険,8.3.2 共同保険式再保険／資産留保型再保険,教科書リンクを小問テーマに近い見出しへ寄せ直し。関連：8.3.2 共同保険式再保険／資産留保型再保険,25,8-21,2019G.pdf,p.4,4,10,exams/2019G.pdf#page=4,textbooks/hoken1-seiho_08.pdf#page=25,exams/2019G.pdf#page=10,
2019-Q3(1),2019,第Ⅱ部,問題3,(1),30,公的介護保険連動の介護終身年金保険開発,所見論述,公的介護保険／予定発生率／社会保険制度連動／終身年金／商品設計,所見型,医療保険・商品開発,5,S,hoken1-seiho_04.pdf,第4章 生命保険の商品開発 ＞ 4.3.1 保険給付等の詳細設計,7.3 医療保険の代表的保障内容／4.4.8 資産運用・ALM,教科書リンクを小問テーマに近い見出しへ寄せ直し。関連：7.3 医療保険の代表的保障内容／4.4.8 資産運用・ALM,26,4-23,2019G.pdf,p.5,5,11,exams/2019G.pdf#page=5,textbooks/hoken1-seiho_04.pdf#page=26,exams/2019G.pdf#page=11,
2019-Q3(2),2019,第Ⅱ部,問題3,(2),20,環境変化を踏まえた商品開発対応,所見論述,金利上昇／死亡率低下／余命推定技術／未婚率上昇／商品開発,所見型,商品開発・所見,5,S,hoken1-seiho_04.pdf,第4章 生命保険の商品開発 ＞ 4.2.4 事後モニタリングと改善アクション,4.1.1 不確実性の下での財務健全性・収益性,教科書リンクを小問テーマに近い見出しへ寄せ直し。関連：4.1.1 不確実性の下での財務健全性・収益性,22,4-19,2019G.pdf,p.6,6,16,exams/2019G.pdf#page=6,textbooks/hoken1-seiho_04.pdf#page=22,exams/2019G.pdf#page=16,
2020-Q1(1),2020,第Ⅰ部,問題1,(1),5,監督指針Ⅳ-6 審査手続・数理事項概要書,語句記入,90日／保険料免除／社内規定／標準責任準備金対象契約／保険契約上の責任準備金,知識型,法令・基礎書類,3,A,hoken1-seiho_04.pdf,第4章 生命保険の商品開発 ＞ 4.4.10 法令等 ＞ 参考：商品開発に関連する基礎書類,4.2.3 事前に確認すべき事項／監督指針Ⅳ-6 審査手続,基礎書類・認可届出・算出方法書の表現を原文ベースで確認。,54,4-51,2020G.pdf,p.1-2,1,8,exams/2020G.pdf#page=1,textbooks/hoken1-seiho_04.pdf#page=54,exams/2020G.pdf#page=8,
2020-Q1(2),2020,第Ⅰ部,問題1,(2),5,アセット・シェアの代表契約選定単位,列挙,区分経理の商品区分／保険事故の種類／契約経過年度／基礎書類上の保険種類／販売経路／危険選択手法,知識型,アセット・シェア,2,S,hoken1-seiho_03.pdf,第3章 アセット・シェア ＞ 3.3.3 配当設定・確認への活用 ＞ 保険計理人実務基準23条,3.2.3 代表的契約による計算例／3.1.2 アセット・シェア計算の目的,代表契約の選定単位と追加区分を暗記。,38,3-34,2020G.pdf,p.2,2,8,exams/2020G.pdf#page=2,textbooks/hoken1-seiho_03.pdf#page=38,exams/2020G.pdf#page=8,
2020-Q1(3),2020,第Ⅰ部,問題1,(3),5,団体生命保険の特質,語句記入,グレッグ／団体選択／画一性／経験保険料率／保険料,知識型,団体生命保険,2,S,hoken1-seiho_06.pdf,第6章 団体生命保険 ＞ 6.1 はじめに ＞ 団体生命保険の特質（グレッグ）,6.3 団体生命保険の危険選択／6.6 団体生命保険の数理,グレッグの5項目を順番ごと再現できるように。,5,6-1,2020G.pdf,p.2-3,2,8,exams/2020G.pdf#page=2,textbooks/hoken1-seiho_06.pdf#page=5,exams/2020G.pdf#page=8,
2020-Q1(4),2020,第Ⅰ部,問題1,(4),5,CTEの多期間適用時の問題点,計算・語句記入,CTE／VaR／破綻確率／時間整合性の欠如,計算型,変額年金・リスク評価,4,A,hoken1-seiho_05.pdf,第5章 変額年金保険 ＞ 5.3.1 CTEアプローチ,5.3 変額年金保険数理の基本的な考え方／リスク尺度・時間整合性,CTE計算と多期間適用時の時間整合性の欠如をセットで。,15,5-11,2020G.pdf,p.3,3,8,exams/2020G.pdf#page=3,textbooks/hoken1-seiho_05.pdf#page=15,exams/2020G.pdf#page=8,
2020-Q1(5),2020,第Ⅰ部,問題1,(5),5,生命再保険のエクセスオブロス・カバー,語句記入,非比例式／Cat Cover／集積リスク／自己保有額／填補限度額,知識型,再保険,2,S,hoken1-seiho_08.pdf,第8章 再保険 ＞ 8.3.4 エクセスオブロス・カバー,8.2 再保険の方式／8.3 再保険の種類,Cat Cover・自己保有額・填補限度額の用語を即答。,28,8-24,2020G.pdf,p.3,3,8,exams/2020G.pdf#page=3,textbooks/hoken1-seiho_08.pdf#page=28,exams/2020G.pdf#page=8,
2020-Q1(6),2020,第Ⅰ部,問題1,(6),5,第三分野保険の基礎率変更権,説明,予定発生率／実績発生率／合理性／客観性／契約者保護／行使基準,知識型,第三分野・医療,3,A,hoken1-seiho_07.pdf,第7章 医療保険 ＞ 7.6 基礎率変更権の取扱い ＞ 7.6.2 基礎率変更権行使基準の取扱い,7.7 保険計理人の機能強化／第三分野ストレステスト,行使基準の合理性・客観性・契約者保護を整理。,37,7-33,2020G.pdf,p.4,4,8,exams/2020G.pdf#page=4,textbooks/hoken1-seiho_07.pdf#page=37,exams/2020G.pdf#page=8,
2020-Q2(1),2020,第Ⅰ部,問題2,(1),10,営業保険料と標準責任準備金制度,説明,標準基礎率／営業保険料／責任準備金積立負担／Pとπ／付加保険料体系／予定利率,複合型,営業保険料・基礎率,4,S,hoken1-seiho_01.pdf,第1章 営業保険料 ＞ 1.2.3 その他 ＞ 標準責任準備金制度との関係,1.4 営業保険料の構成要素（計算基礎率）／1.3 営業保険料の計算方法,標準基礎率と営業保険料基礎率の不一致による積立負担を説明。,5,1-3,2020G.pdf,p.5,5,9,exams/2020G.pdf#page=5,textbooks/hoken1-seiho_01.pdf#page=5,exams/2020G.pdf#page=9,
2020-Q2(2),2020,第Ⅰ部,問題2,(2),10,生命保険商品の更新制度,説明,更新型／保険期間短期化／保険料見直し／健康状態不問／価格設定／制御可能性,複合型,商品開発・モニタリング,3,A,hoken1-seiho_04.pdf,第4章 生命保険の商品開発 ＞ 4.3.1 保険給付等の詳細設計,4.4.5 契約管理／4.2.4 事後モニタリングと改善アクション,更新制度は契約管理・商品設計・収益管理の横断テーマ。,26,4-23,2020G.pdf,p.5,5,10,exams/2020G.pdf#page=5,textbooks/hoken1-seiho_04.pdf#page=26,exams/2020G.pdf#page=10,
2020-Q3(1)①,2020,第Ⅱ部,問題3,(1)①,6,危険選択の目的・手法,説明,逆選択／モラルリスク／公平性／大数の法則／医的査定／環境査定,知識型,商品開発・危険選択,2,S,hoken1-seiho_04.pdf,第4章 生命保険の商品開発 ＞ 4.4.4 危険選択（アンダーライティング）,4.3.2 引受範囲、販売範囲／4.3.3 モラルリスクおよび大災害への対応,逆選択・モラルリスク・公平性・大数の法則で骨子化。,42,4-39,2020G.pdf,p.6,6,11,exams/2020G.pdf#page=6,textbooks/hoken1-seiho_04.pdf#page=42,exams/2020G.pdf#page=11,
2020-Q3(1)②,2020,第Ⅱ部,問題3,(1)②,19,インターネットチャネルでの告知書扱い終身保険開発,所見論述,非対面販売／告知書扱い／診査扱い併売／逆選択／チャネル別料率／販売上限／モニタリング,所見型,商品開発・危険選択,5,S,hoken1-seiho_04.pdf,第4章 生命保険の商品開発 ＞ 4.4.3 販売経路（営業、募集） ＞ 4.4.4 危険選択（アンダーライティング）,4.2.3 事前に確認すべき事項／4.2.4 事後モニタリングと改善アクション,ネットチャネル固有の告知・本人確認・モニタリングを答案に入れる。,39,4-36,2020G.pdf,p.6-7,6,11,exams/2020G.pdf#page=6,textbooks/hoken1-seiho_04.pdf#page=39,exams/2020G.pdf#page=11,
2020-Q3(2)①,2020,第Ⅱ部,問題3,(2)①,5,商品毎収益検証の目的・手順,説明,商品毎収益検証／目的／シナリオ／モデル／モデルポイント,知識型,商品毎収益検証,2,S,hoken1-seiho_10.pdf,第10章 商品毎収益検証 ＞ 10.1 商品毎収益検証の必要性 ＞ 10.2 商品毎収益検証の目的,10.3 商品毎収益検証に用いるシナリオの設定／10.9 指標,目的→手順→アウトプットの利用を型で暗記。,8,10-2,2020G.pdf,p.7,7,17,exams/2020G.pdf#page=7,textbooks/hoken1-seiho_10.pdf#page=8,exams/2020G.pdf#page=17,
2020-Q3(2)②,2020,第Ⅱ部,問題3,(2)②,20,低解約返戻金型終身保険の収益検証,所見論述,低解約返戻金／解約率シナリオ／他シナリオ連動／感応度分析／ストレステスト／販売政策,所見型,商品毎収益検証,5,S,hoken1-seiho_10.pdf,第10章 商品毎収益検証 ＞ 10.6 解約率のシナリオの設定,10.9 収益性・健全性の指標の例／10.10 モデルの検証／第2章 2.5.2 低・無解約返戻金型商品,低解約型は第2章と第10章をセットで読む。,33,10-27,2020G.pdf,p.7,7,18,exams/2020G.pdf#page=7,textbooks/hoken1-seiho_10.pdf#page=33,exams/2020G.pdf#page=18,
2021-Q1(1),2021,第Ⅰ部,問題1,(1),5,アセット・シェア実務基準の正誤訂正,正誤訂正,時価／代表契約／事業費／初期値負値／直近実績／巨大リスク除外,知識型,アセット・シェア,3,S,hoken1-seiho_03.pdf,第3章 アセット・シェア ＞ 3.1.1 定義 ＞ 3.2 アセット・シェア計算の原理,3.3 アセット・シェアの活用／保険計理人実務基準23～25条,実務基準の文言差し替え問題としてチェック。,5,3-1,2021G.pdf,p.1,1,6,exams/2021G.pdf#page=1,textbooks/hoken1-seiho_03.pdf#page=5,exams/2021G.pdf#page=6,
2021-Q1(2),2021,第Ⅰ部,問題1,(2),5,団体生命保険の配当清算法,語句記入,信頼度／損失限度／小さい／異常危険／危険賦課金／Carry Forward,知識型,団体生命保険,3,S,hoken1-seiho_06.pdf,第6章 団体生命保険 ＞ 6.6.4 配当清算法,6.6.3 経験料率／6.6 団体生命保険の数理,プール方式・剰余金計算式・累積赤字対応を暗記。,24,6-20,2021G.pdf,p.1-2,1,6,exams/2021G.pdf#page=1,textbooks/hoken1-seiho_06.pdf#page=24,exams/2021G.pdf#page=6,
2021-Q1(3),2021,第Ⅰ部,問題1,(3),5,契約者価額・MVAの監督指針,語句記入,投資上の損失／MVA／金利変動／取引費用／リスク管理,知識型,解約・契約者価額,3,A,hoken1-seiho_02.pdf,第2章 解約および解約返戻金 ＞ 2.5.3 市場価格調整（Market Value Adjustment）,2.5 契約者の合理的な期待／2.6 解約リスク,MVA係数の合理性・契約者不利益の観点で整理。,30,2-24,2021G.pdf,p.2,2,6,exams/2021G.pdf#page=2,textbooks/hoken1-seiho_02.pdf#page=30,exams/2021G.pdf#page=6,
2021-Q1(4),2021,第Ⅰ部,問題1,(4),4,転換制度,列挙,保険料積立金／据置給付金／配当積立残高／契約日／基礎率／特別条件,知識型,解約・契約者価額,2,B,hoken1-seiho_02.pdf,第2章 解約および解約返戻金 ＞ 2.9 解約返戻金および解約率の設定とアクチュアリーの職務倫理,2.2 解約返戻金の定義・法規／2.5 契約者の合理的な期待,転換価格の構成と引継ぎ要素を列挙できるように。,48,2-42,2021G.pdf,p.2,2,6,exams/2021G.pdf#page=2,textbooks/hoken1-seiho_02.pdf#page=48,exams/2021G.pdf#page=6,
2021-Q1(5),2021,第Ⅰ部,問題1,(5),5,自動再保険と任意再保険,説明,自動再保険／任意再保険／出再義務／受再義務／査定判断,知識型,再保険,2,S,hoken1-seiho_08.pdf,第8章 再保険 ＞ 8.2.2 自動再保険・任意再保険,8.2 再保険の方式／8.1.2 目的,自動・任意の違いを契約実務と引受判断で説明。,11,8-7,2021G.pdf,p.2,2,6,exams/2021G.pdf#page=2,textbooks/hoken1-seiho_08.pdf#page=11,exams/2021G.pdf#page=6,
2021-Q1(6),2021,第Ⅰ部,問題1,(6),6,商品毎収益検証の確率論的手法,説明,確率論的手法／シナリオ分布／テイルリスク／計算負荷／説明可能性／極端シナリオ,知識型,商品毎収益検証,3,S,hoken1-seiho_10.pdf,第10章 商品毎収益検証 ＞ 10.3 商品毎収益検証に用いるシナリオの設定,10.3.2 最も確からしいシナリオの設定／確率論的手法,確率論的手法のメリット・デメリットを短く整理。,12,10-6,2021G.pdf,p.2,2,6,exams/2021G.pdf#page=2,textbooks/hoken1-seiho_10.pdf#page=12,exams/2021G.pdf#page=6,
2021-Q2(1),2021,第Ⅰ部,問題2,(1),10,第三分野標準生命表2018の作成過程,説明,第21回生命表／死亡保障付加から単品化／死亡率改善／補整前死亡率／安全割増,知識型,死亡率・標準生命表,4,S,hoken1-seiho_07.pdf,第7章 医療保険 ＞ 付録4 第三分野標準生命表2018の作成概要,7.7 保険計理人の機能強化／7.4 医療保険の保険料計算,2007からの変更点・理由までセットで。,54,7-50,2021G.pdf,p.3,3,7,exams/2021G.pdf#page=3,textbooks/hoken1-seiho_07.pdf#page=54,exams/2021G.pdf#page=7,
2021-Q2(2),2021,第Ⅰ部,問題2,(2),10,低・無解約返戻金型商品,説明,低金利／保険料低廉化／解約返戻金抑制／契約者理解／払済保険／公平性,複合型,解約・契約者価額,4,S,hoken1-seiho_02.pdf,第2章 解約および解約返戻金 ＞ 2.5.2 低・無解約返戻金型商品,2.5 契約者の合理的な期待／2.9 契約者価額・職務倫理,背景・契約者理解・払済不可理由を分けて答案化。,27,2-21,2021G.pdf,p.3,3,8,exams/2021G.pdf#page=3,textbooks/hoken1-seiho_02.pdf#page=27,exams/2021G.pdf#page=8,
2021-Q3(1)①,2021,第Ⅱ部,問題3,(1)①,4,第三分野商品の予定発生率基礎データ,説明,自社データ／公共データ／選択効果／販売チャネル／信頼性／データ量,知識型,第三分野・医療,3,A,hoken1-seiho_07.pdf,第7章 医療保険 ＞ 7.4.1.4 予定発生率および予定入院日数などの設定の留意点,7.4 医療保険の保険料計算／7.7 保険計理人の機能強化,自社データと公共データのメリデメを表で整理。,20,7-16,2021G.pdf,p.4,4,9,exams/2021G.pdf#page=4,textbooks/hoken1-seiho_07.pdf#page=20,exams/2021G.pdf#page=9,
2021-Q3(1)②,2021,第Ⅱ部,問題3,(1)②,21,認知症保険の開発,所見論述,認知症定義／公的介護制度／待期間／有期払込・終身／基礎データ／長期トレンド／再保険／モニタリング,所見型,第三分野・医療,5,S,hoken1-seiho_07.pdf,第7章 医療保険 ＞ 7.3 医療保険の主な保障内容 ＞ 7.4.1.4 予定発生率等の設定の留意点,7.6 基礎率変更権の取扱い／第4章 4.3 商品設計,認知症保険は商品設計・基礎率・リスク管理で答案構成。,20,7-16,2021G.pdf,p.4,4,9,exams/2021G.pdf#page=4,textbooks/hoken1-seiho_07.pdf#page=20,exams/2021G.pdf#page=9,
2021-Q3(2)①,2021,第Ⅱ部,問題3,(2)①,4,個人年金保険の年金支払種類,列挙・説明,確定年金／終身年金／有期年金／保証期間付／給付事由／年金現価,知識型,年金・長寿,2,A,hoken1-seiho_04.pdf,第4章 生命保険の商品開発 ＞ 4.3.1 保険給付等の詳細設計 ＞ 年金給付の設計,4.1.2 顧客に選ばれること／4.1.3 公平性の確保,年金種類の給付設計・リスク特性を整理。,26,4-23,2021G.pdf,p.5,5,13,exams/2021G.pdf#page=5,textbooks/hoken1-seiho_04.pdf#page=26,exams/2021G.pdf#page=13,
2021-Q3(2)②,2021,第Ⅱ部,問題3,(2)②,21,一時払個人年金保険の販売再開,所見論述,金利上昇／MVA／予定利率／年金支払種類／長寿リスク／競合優位／ALM／外貨建・変額年金,所見型,年金・長寿,5,S,hoken1-seiho_04.pdf,第4章 生命保険の商品開発 ＞ 4.1.1 不確実性の下での財務健全性・収益性 ＞ 4.4.8 資産運用・ALM,第1章 1.4.3 予定利率／第10章 10.3 金利シナリオ,販売再開はALM・予定利率・収益性・顧客ニーズで論述。,6,4-3,2021G.pdf,p.5,5,13,exams/2021G.pdf#page=5,textbooks/hoken1-seiho_04.pdf#page=6,exams/2021G.pdf#page=13,
2022-Q1(1),2022,第Ⅰ部,問題1,(1),5,保険業法施行規則第10条・算出方法書,語句記入,算出方法書／116条／契約者価額／未収保険料／保険期間,知識型,法令・基礎書類,2,A,hoken1-seiho_04.pdf,第4章 生命保険の商品開発 ＞ 参考：商品開発に関連する基礎書類 ＞ 算出方法書,4.4.10 法令等／保険業法施行規則第10条,算出方法書の記載事項を原文ベースで暗記。,54,4-51,2022G.pdf,p.1,1,9,exams/2022G.pdf#page=1,textbooks/hoken1-seiho_04.pdf#page=54,exams/2022G.pdf#page=9,
2022-Q1(2),2022,第Ⅰ部,問題1,(2),4,アセット・シェアの定義,語句記入,キャッシュフロー／解約失効率／正味資産／貢献度,知識型,アセット・シェア,2,S,hoken1-seiho_03.pdf,第3章 アセット・シェア ＞ 3.1.1 アセット・シェアの定義,3.2.2 アセット・シェアの算式,定義文の穴埋め対策。,5,3-1,2022G.pdf,p.1,1,9,exams/2022G.pdf#page=1,textbooks/hoken1-seiho_03.pdf#page=5,exams/2022G.pdf#page=9,
2022-Q1(3),2022,第Ⅰ部,問題1,(3),4,第三分野ストレステスト・IBNR,正誤訂正,認可申請／99%／負債十分性テスト／入院責任準備金／IBNR,知識型,第三分野・医療,3,A,hoken1-seiho_07.pdf,第7章 医療保険 ＞ 7.7 保険計理人の機能強化 ＞ 第三分野ストレステスト,7.6 基礎率変更権の取扱い／7.4 医療保険の保険料計算,ストレステストとIBNRの定義を区別。,34,7-30,2022G.pdf,p.2,2,9,exams/2022G.pdf#page=2,textbooks/hoken1-seiho_07.pdf#page=34,exams/2022G.pdf#page=9,
2022-Q1(4),2022,第Ⅰ部,問題1,(4),4,変額年金保険のプライシングとヘッジ,語句記入,特別勘定／ヘッジ対象／テイル／アウトオブザマネー／最低保証費用率,知識型,変額年金,3,S,hoken1-seiho_05.pdf,第5章 変額年金保険 ＞ 5.2 最低保証リスクの基本的構造 ＞ 5.3 数理の基本的な考え方,5.5 リスク管理とヘッジ,最低保証費用率・ベーシスリスク・テイルヘッジを確認。,9,5-5,2022G.pdf,p.2,2,9,exams/2022G.pdf#page=2,textbooks/hoken1-seiho_05.pdf#page=9,exams/2022G.pdf#page=9,
2022-Q1(5),2022,第Ⅰ部,問題1,(5),4,団体定期保険の優良団体割引制度,計算,優良団体割引率／経験死亡率／標準正規分布／信頼区間,計算型,団体生命保険,3,S,hoken1-seiho_06.pdf,第6章 団体生命保険 ＞ 6.6.3 経験料率 ＞ 優良団体割引制度,6.6 団体生命保険の数理,信頼区間と割引率計算の型を演習。,21,6-17,2022G.pdf,p.3,3,9,exams/2022G.pdf#page=3,textbooks/hoken1-seiho_06.pdf#page=21,exams/2022G.pdf#page=9,
2022-Q1(6ア),2022,第Ⅰ部,問題1,(6ア),3,主な死因別死亡率の年次推移,図表読解,がん／心臓病／脳卒中／年齢調整前死亡率,計算型,死亡率・標準生命表,2,B,hoken1-seiho_01.pdf,第1章 営業保険料 ＞ 1.4.1 予定死亡率・予定給付発生率等,第7章 付録：標準生命表／死亡率統計,死因別死亡率は標準生命表周辺知識として確認。,9,1-7,2022G.pdf,p.4,4,9,exams/2022G.pdf#page=4,textbooks/hoken1-seiho_01.pdf#page=9,exams/2022G.pdf#page=9,
2022-Q1(6イ),2022,第Ⅰ部,問題1,(6イ),1,月払営業保険料の計算,計算,月払営業保険料／予定死亡率／予定利率／予定事業費／Equation type,計算型,営業保険料・基礎率,4,A,hoken1-seiho_01.pdf,第1章 営業保険料 ＞ 1.3 営業保険料の計算方法 ＞ 1.3.1 Equation type,1.4 営業保険料の構成要素（計算基礎率）,月払・年度末支払の保険料計算を生命保険数学と接続。,7,1-5,2022G.pdf,p.5,5,9,exams/2022G.pdf#page=5,textbooks/hoken1-seiho_01.pdf#page=7,exams/2022G.pdf#page=9,
2022-Q2(1ア),2022,第Ⅰ部,問題2,(1ア),4,解約益リスクと継続リスク,説明,解約益リスク／継続リスク／過去に起因／将来に向けたリスク／定期保険,知識型,解約・契約者価額,3,S,hoken1-seiho_02.pdf,第2章 解約および解約返戻金 ＞ 2.6 解約リスク ＞ 2.7 資産運用の観点からみた解約,2.6.1 解約益／2.6.3 動的解約率,解約益リスクと継続リスクを収益認識の時間軸で整理。,32,2-26,2022G.pdf,p.6,6,9,exams/2022G.pdf#page=6,textbooks/hoken1-seiho_02.pdf#page=32,exams/2022G.pdf#page=9,
2022-Q2(1イ),2022,第Ⅰ部,問題2,(1イ),5,負値責任準備金,説明,負値責任準備金／予定解約率不使用／危険保険料逓減／第三分野／解約返戻金・契約者間公平性,知識型,営業保険料・基礎率,4,A,hoken1-seiho_01.pdf,第1章 営業保険料 ＞ 1.2.3 その他 ＞ 標準責任準備金制度との関係,1.4 営業保険料の構成要素（計算基礎率）,負値責任準備金は標準責任準備金との関係で説明。,5,1-3,2022G.pdf,p.6,6,10,exams/2022G.pdf#page=6,textbooks/hoken1-seiho_01.pdf#page=5,exams/2022G.pdf#page=10,
2022-Q2(2),2022,第Ⅰ部,問題2,(2),8,商品毎収益検証のモデルポイント・バリデーション,説明,モデルポイント／代表性／網羅性／ヴァリデーション／誤差分析／実務負荷,知識型,商品毎収益検証,3,S,hoken1-seiho_10.pdf,第10章 商品毎収益検証 ＞ 10.8 契約内容の検証 ＞ モデルポイント,10.10 モデルの検証／10.3 シナリオ設定,モデルポイントとバリデーションの目的を説明。,51,10-45,2022G.pdf,p.6,6,11,exams/2022G.pdf#page=6,textbooks/hoken1-seiho_10.pdf#page=51,exams/2022G.pdf#page=11,
2022-Q2(3),2022,第Ⅰ部,問題2,(3),8,再保険を活用した競争的保険料率,説明,再保険会社ノウハウ／大数の法則／プール効果／再保険料率／カウンターパーティーリスク／依存度,複合型,再保険,4,S,hoken1-seiho_08.pdf,第8章 再保険 ＞ 8.1.2 目的 ＞ 再保険料率をもとに競争的な元受料率を提供する,8.4 再保険と類似の機能,再保険活用の非伝統的目的も含める。,6,8-2,2022G.pdf,p.6,6,12,exams/2022G.pdf#page=6,textbooks/hoken1-seiho_08.pdf#page=6,exams/2022G.pdf#page=12,
2022-Q3(1ア),2022,第Ⅱ部,問題3,(1ア),5,事後モニタリングと医療保険フォローアップ,説明,事後モニタリング／改善アクション／PDCA／発生率／収益性／医療技術変化,知識型,商品開発・モニタリング,3,S,hoken1-seiho_04.pdf,第4章 生命保険の商品開発 ＞ 4.2.4 事後モニタリングと改善アクション,4.4.7 保険金・給付金／7.4 医療保険の保険料計算,発売後フォローアップの観点を列挙。,22,4-19,2022G.pdf,p.7,7,14,exams/2022G.pdf#page=7,textbooks/hoken1-seiho_04.pdf#page=22,exams/2022G.pdf#page=14,
2022-Q3(1イ),2022,第Ⅱ部,問題3,(1イ),20,無配当医療保険の収益性低下と改善アクション,所見論述,危険差損／感染症／低価格戦略／発生率見直し／販売停止・料率改定／商品改定／営業政策,所見型,第三分野・医療,5,S,hoken1-seiho_07.pdf,第7章 医療保険 ＞ 7.4 医療保険の保険料計算 ＞ 7.5 保険会社の医療保障支払動向,第4章 4.2.4 事後モニタリング／第10章 10.9 指標,収益悪化要因→改善アクション→副作用で骨子化。,17,7-13,2022G.pdf,p.7-8,7,14,exams/2022G.pdf#page=7,textbooks/hoken1-seiho_07.pdf#page=17,exams/2022G.pdf#page=14,
2022-Q3(2ア),2022,第Ⅱ部,問題3,(2ア),6,米ドル建一時払終身保険の標準利率,説明,米国通貨建／対象利率／安全率係数／標準利率／告示48号／参照金利,知識型,営業保険料・基礎率,4,S,hoken1-seiho_01.pdf,第1章 営業保険料 ＞ 1.4.3 予定利率,1.2.3 その他（標準責任準備金制度との関係）,外貨建商品の標準利率・予定利率の違いを確認。,13,1-11,2022G.pdf,p.8,8,19,exams/2022G.pdf#page=8,textbooks/hoken1-seiho_01.pdf#page=13,exams/2022G.pdf#page=19,
2022-Q3(2イ),2022,第Ⅱ部,問題3,(2イ),19,米ドル建一時払終身保険の商品改定,所見論述,外貨建保険／予定利率設定／標準責任準備金／BBB社債／信用リスク／ALM／販売チャネル,所見型,商品開発・ALM,5,S,hoken1-seiho_04.pdf,第4章 生命保険の商品開発 ＞ 4.4.8 資産運用・ALM,4.2 商品開発プロセス／1.4.3 予定利率,外貨建一時払終身はALM・MVA・販売管理まで論述。,52,4-49,2022G.pdf,p.8,8,19,exams/2022G.pdf#page=8,textbooks/hoken1-seiho_04.pdf#page=52,exams/2022G.pdf#page=19,
2023-Q1(1),2023,第Ⅰ部,問題1,(1),4,再保険の正誤（共同保険・修正共同保険）,正誤,共同保険式／クォータシェア／解約・失効リスク／mod-co利率／現金決済,知識型,再保険,3,S,hoken1-seiho_08.pdf,第8章 再保険 ＞ 8.3 再保険の種類 ＞ 8.3.2 共同保険式／8.3.3 修正共同保険式,8.2 再保険の方式,共同保険・修正共同保険のリスク移転と決済を比較。,22,8-18,2023G.pdf,p.1,1,14,exams/2023G.pdf#page=1,textbooks/hoken1-seiho_08.pdf#page=22,exams/2023G.pdf#page=14,
2023-Q1(2),2023,第Ⅰ部,問題1,(2),4,アセット・シェア実務基準23条,語句記入,消滅時配当／ネット・アセット・シェア／収支状況／保険事故,知識型,アセット・シェア,2,S,hoken1-seiho_03.pdf,第3章 アセット・シェア ＞ 3.3.3 配当設定・確認への活用 ＞ 保険計理人実務基準23条,3.1.1 定義／3.2 計算の原理,実務基準23条の語句を暗記。,38,3-34,2023G.pdf,p.2,2,14,exams/2023G.pdf#page=2,textbooks/hoken1-seiho_03.pdf#page=38,exams/2023G.pdf#page=14,
2023-Q1(3),2023,第Ⅰ部,問題1,(3),4,保険業法施行規則第8条・事業方法書,語句記入,被保険者／保険期間／返戻金／貸付け／事業方法書,知識型,法令・基礎書類,2,A,hoken1-seiho_04.pdf,第4章 生命保険の商品開発 ＞ 参考：商品開発に関連する基礎書類 ＞ 事業方法書,4.4.10 法令等／保険業法施行規則第8条,事業方法書の記載事項を原文で確認。,54,4-51,2023G.pdf,p.3,3,14,exams/2023G.pdf#page=3,textbooks/hoken1-seiho_04.pdf#page=54,exams/2023G.pdf#page=14,
2023-Q1(4),2023,第Ⅰ部,問題1,(4),4,変額年金保険の最低保証・プットコールパリティ,正誤訂正,ラチェット／プット・コール・パリティ／最低保証料／特別勘定資産／本源的価値,知識型,変額年金,3,S,hoken1-seiho_05.pdf,第5章 変額年金保険 ＞ 5.2.1 最低保証の金融リスク,5.1 変額年金保険の概要／5.2 最低保証リスクの基本的構造,最低保証バリエーションとプットコールパリティを確認。,9,5-5,2023G.pdf,p.4,4,14,exams/2023G.pdf#page=4,textbooks/hoken1-seiho_05.pdf#page=9,exams/2023G.pdf#page=14,
2023-Q1(5),2023,第Ⅰ部,問題1,(5),6,生命保険の商品開発に関する法令・監督指針・自己責任原則,選択,保険業法／監督指針／審査基準／自己責任原則／予定事業費／営業保険料十分性,知識型,法令・基礎書類,3,S,hoken1-seiho_04.pdf,第4章 生命保険の商品開発 ＞ 4.4.10 法令等 ＞ 4.2 商品開発プロセス,4.1 基本的な考え方／自己責任原則,法令・監督指針・自己責任原則をセットで。,54,4-51,2023G.pdf,p.5-6,5,14,exams/2023G.pdf#page=5,textbooks/hoken1-seiho_04.pdf#page=54,exams/2023G.pdf#page=14,
2023-Q1(6),2023,第Ⅰ部,問題1,(6),4,生保標準生命表2007年金開始後用の死亡率改善,計算・語句,自殺／老衰／年平均改善率／死因別将来死亡率／長寿化,計算型,死亡率・標準生命表,4,A,hoken1-seiho_01.pdf,第1章 営業保険料 ＞ 1.4.1 予定死亡率・予定給付発生率等,第7章 付録4 第三分野標準生命表2018の作成概要,死亡率改善の織込み方法を標準生命表の文脈で。,9,1-7,2023G.pdf,p.7-8,7,14,exams/2023G.pdf#page=7,textbooks/hoken1-seiho_01.pdf#page=9,exams/2023G.pdf#page=14,
2023-Q2(1),2023,第Ⅰ部,問題2,(1),7,養老保険と定期＋生存保険の営業保険料非一致,説明,十分性／安全割増／死亡・生存リスク相殺／件数比例費／収益性／価格競争力,複合型,営業保険料・基礎率,4,S,hoken1-seiho_01.pdf,第1章 営業保険料 ＞ 1.2 営業保険料決定の際に考慮すべき点 ＞ 1.4 計算基礎率,1.1 純保険料と営業保険料／1.3 計算方法,商品分解しても保険料が一致しない理由を基礎率・事業費で説明。,4,1-2,2023G.pdf,p.9,9,14,exams/2023G.pdf#page=9,textbooks/hoken1-seiho_01.pdf#page=4,exams/2023G.pdf#page=14,
2023-Q2(2),2023,第Ⅰ部,問題2,(2),9,団体生命保険の危険選択・料率・配当率,説明,調和／大多数の団体／一定水準以上の団体／平均保険料率／優良団体割引／配当率,複合型,団体生命保険,4,S,hoken1-seiho_06.pdf,第6章 団体生命保険 ＞ 6.3 団体生命保険の危険選択 ＞ 6.6 団体生命保険の数理,6.6.3 経験料率／6.6.4 配当清算法,団体選択・料率・配当率のつながりを整理。,7,6-3,2023G.pdf,p.10,10,15,exams/2023G.pdf#page=10,textbooks/hoken1-seiho_06.pdf#page=7,exams/2023G.pdf#page=15,
2023-Q2(3),2023,第Ⅰ部,問題2,(3),8,医療保険の入院受療率と予定発生率設定,図表読解・説明,受療率／妊娠・分娩・産じょく／男女差／予定発生率／補整／公平性,複合型,第三分野・医療,4,S,hoken1-seiho_07.pdf,第7章 医療保険 ＞ 7.4.1.4 予定発生率および予定入院日数などの設定の留意点,7.3.1 入院給付／付録：医療保障の経済必要性,入院受療率から予定発生率を作る際の限界を確認。,20,7-16,2023G.pdf,p.11,11,16,exams/2023G.pdf#page=11,textbooks/hoken1-seiho_07.pdf#page=20,exams/2023G.pdf#page=16,
2023-Q3(1ア),2023,第Ⅱ部,問題3,(1ア),4,予定利率設定の留意事項,説明,予定利率／保証利率／自社運用方針／新規投資利回り／保守性,知識型,営業保険料・基礎率,3,S,hoken1-seiho_01.pdf,第1章 営業保険料 ＞ 1.4.3 予定利率,1.2.3 その他（標準責任準備金制度との関係）,予定利率設定の留意点を金利・ALM・競争力で。,13,1-11,2023G.pdf,p.12,12,18,exams/2023G.pdf#page=12,textbooks/hoken1-seiho_01.pdf#page=13,exams/2023G.pdf#page=18,
2023-Q3(1イ),2023,第Ⅱ部,問題3,(1イ),6,金利上昇・物価上昇が終身保険の収益性に与える影響,説明,市中金利上昇／解約増加／含み損／再投資利回り／インフレ／事業費率,複合型,営業保険料・基礎率,4,A,hoken1-seiho_01.pdf,第1章 営業保険料 ＞ 1.4.3 予定利率 ＞ 1.4.4 予定事業費率,1.2.3 その他（収益性・価格競争力）,金利上昇・物価上昇の影響を利差・費差・解約で整理。,13,1-11,2023G.pdf,p.12,12,18,exams/2023G.pdf#page=12,textbooks/hoken1-seiho_01.pdf#page=13,exams/2023G.pdf#page=18,
2023-Q3(1ウ),2023,第Ⅱ部,問題3,(1ウ),15,円貨建終身保険の保険料率改定,所見論述,保険料率改定／十分性／公平性／収益性／価格競争力／標準責任準備金／既契約との関係,所見型,営業保険料・基礎率,5,S,hoken1-seiho_01.pdf,第1章 営業保険料 ＞ 1.2 営業保険料決定の際に考慮すべき点 ＞ 1.4 計算基礎率,4.2 商品開発プロセス,料率改定は十分性・収益性・価格競争力・契約者影響で。,4,1-2,2023G.pdf,p.12,12,18,exams/2023G.pdf#page=12,textbooks/hoken1-seiho_01.pdf#page=4,exams/2023G.pdf#page=18,
2023-Q3(2ア),2023,第Ⅱ部,問題3,(2ア),5,医療保険に複数給付を持たせる利点,説明,複数給付／顧客ニーズ／商品魅力／リスク分散／事務効率／危険選択,知識型,第三分野・医療,3,A,hoken1-seiho_07.pdf,第7章 医療保険 ＞ 7.3 医療保険の主な保障内容,7.4 医療保険の保険料計算,複数給付の利点を顧客価値・リスク分散・販売面で整理。,9,7-5,2023G.pdf,p.13,13,21,exams/2023G.pdf#page=13,textbooks/hoken1-seiho_07.pdf#page=9,exams/2023G.pdf#page=21,
2023-Q3(2イ),2023,第Ⅱ部,問題3,(2イ),20,医療保険の給付別単品化・商品開発,所見論述,入院給付金／入院一時金／手術給付金／選択効果／基礎率設定／クロスサブシディ／モニタリング,所見型,第三分野・医療,5,S,hoken1-seiho_07.pdf,第7章 医療保険 ＞ 7.3 医療保険の主な保障内容 ＞ 7.4 医療保険の保険料計算,7.7 保険計理人の機能強化／第4章 4.2 商品開発プロセス,単品化の影響を商品設計・基礎率・モラルリスクで。,9,7-5,2023G.pdf,p.13,13,22,exams/2023G.pdf#page=13,textbooks/hoken1-seiho_07.pdf#page=9,exams/2023G.pdf#page=22,
2024-Q1(1),2024,第Ⅰ部,問題1,(1),4,変額年金最低保証の経済価値ヘッジ・会計価値ヘッジ,語句記入,ボラティリティ／ロー／動態ヘッジ／静態ヘッジ／負の値／デルタ・ガンマ・ベガ,知識型,変額年金,3,S,hoken1-seiho_05.pdf,第5章 変額年金保険 ＞ 5.5.4 ヘッジとモデルリスク,5.3 変額年金保険数理の基本的な考え方／5.2 最低保証リスク,経済価値ヘッジと会計価値ヘッジの違いを暗記。,36,5-32,2024G.pdf,p.1,1,15,exams/2024G.pdf#page=1,textbooks/hoken1-seiho_05.pdf#page=36,exams/2024G.pdf#page=15,
2024-Q1(2),2024,第Ⅰ部,問題1,(2),4,監督指針Ⅳ-1 共通事項（危険選択・告知・免責）,選択,身体的危険／環境的危険／危険選択／趣味／巨大リスク排除／契約者保護／公序良俗／モラルリスク排除,知識型,法令・基礎書類,2,A,hoken1-seiho_04.pdf,第4章 生命保険の商品開発 ＞ 4.4.4 危険選択（アンダーライティング） ＞ 4.4.10 法令等,4.3.3 モラルリスクおよび大災害への対応／監督指針Ⅳ-1,危険選択・告知・免責を監督指針の語句で。,42,4-39,2024G.pdf,p.2,2,15,exams/2024G.pdf#page=2,textbooks/hoken1-seiho_04.pdf#page=42,exams/2024G.pdf#page=15,
2024-Q1(3),2024,第Ⅰ部,問題1,(3),4,団体保険（総合福祉団体定期・団信）,選択,総福団定／ヒューマン・ヴァリュー特約／死亡退職金規程／団体信用生命保険／賦払債権保全,知識型,団体生命保険,3,S,hoken1-seiho_06.pdf,第6章 団体生命保険 ＞ 6.5.1 総合福祉団体定期保険 ＞ 6.5.2 団体信用生命保険,6.1 はじめに／6.3 危険選択,総福・団信の契約者/被保険者/受取人/税務を区別。,12,6-8,2024G.pdf,p.3,3,15,exams/2024G.pdf#page=3,textbooks/hoken1-seiho_06.pdf#page=12,exams/2024G.pdf#page=15,
2024-Q1(4),2024,第Ⅰ部,問題1,(4),4,MVAと解約返戻金計算,選択・計算,契約概要／市場金利／運用資産／損失／MVA計算／解約返戻金,計算型,解約・契約者価額,3,S,hoken1-seiho_02.pdf,第2章 解約および解約返戻金 ＞ 2.5.3 市場価格調整（Market Value Adjustment）,2.6.2 MVAの影響／監督指針の契約者価額,MVA計算式と契約概要/注意喚起情報の記載事項。,30,2-24,2024G.pdf,p.4,4,15,exams/2024G.pdf#page=4,textbooks/hoken1-seiho_02.pdf#page=30,exams/2024G.pdf#page=15,
2024-Q1(5),2024,第Ⅰ部,問題1,(5),4,Profit・IRR・Profit Marginの計算,計算,利益計算／現在価値／内部収益率／プロフィット・マージン／責任準備金繰入,計算型,商品毎収益検証,4,S,hoken1-seiho_10.pdf,第10章 商品毎収益検証 ＞ 10.9 収益性・健全性の指標の例,10.2 目的／10.3 シナリオ設定／10.5 金利シナリオ,Profit・IRR・PMの計算を手で回す。,54,10-48,2024G.pdf,p.5-6,5,15,exams/2024G.pdf#page=5,textbooks/hoken1-seiho_10.pdf#page=54,exams/2024G.pdf#page=15,
2024-Q2(1),2024,第Ⅰ部,問題2,(1),6,再保険の伝統的目的,説明,保険金支払変動軽減／集積リスク軽減／競争的元受率提供／自己保有限度額／大数の法則,知識型,再保険,3,S,hoken1-seiho_08.pdf,第8章 再保険 ＞ 8.1.2 目的 ＞ 伝統的目的,8.2 再保険の方式／8.3 再保険の種類,再保険の目的は伝統的/非伝統的に分ける。,6,8-2,2024G.pdf,p.7,7,16,exams/2024G.pdf#page=7,textbooks/hoken1-seiho_08.pdf#page=6,exams/2024G.pdf#page=16,
2024-Q2(2),2024,第Ⅰ部,問題2,(2),8,予定死亡率・予定給付発生率等の設定,説明,基礎データ／信頼性／補整／選択効果／将来トレンド／安全割増／予定発生率,知識型,営業保険料・基礎率,3,S,hoken1-seiho_01.pdf,第1章 営業保険料 ＞ 1.4.1 予定死亡率・予定給付発生率等,1.4.2 予定解約率／1.4.3 予定利率／1.4.4 予定事業費率,予定基礎率設定の一般論を答案テンプレ化。,9,1-7,2024G.pdf,p.8,8,17,exams/2024G.pdf#page=8,textbooks/hoken1-seiho_01.pdf#page=9,exams/2024G.pdf#page=17,
2024-Q2(3),2024,第Ⅰ部,問題2,(3),8,保険料細分化・公平性,説明,保険技術的公平性／社会的公平性／データ入手可能性／客観性／社会的受容性／逆選択／事務負荷,知識型,営業保険料・基礎率,3,S,hoken1-seiho_01.pdf,第1章 営業保険料 ＞ 1.5 保険料の細分化,1.5.1 理念としての公平性原則／1.5.2 保険技術的公平性と社会的公平性／1.5.3 留意事項,公平性と差別的取扱いを区別。,23,1-21,2024G.pdf,p.9,9,18,exams/2024G.pdf#page=9,textbooks/hoken1-seiho_01.pdf#page=23,exams/2024G.pdf#page=18,
2024-Q2(4ア),2024,第Ⅰ部,問題2,(4ア),5,標準責任準備金の基礎率と異なる営業保険料基礎率,説明,標準基礎率／営業保険料基礎率／責任準備金積立負担／十分性／内部留保／初期投資,知識型,営業保険料・基礎率,4,S,hoken1-seiho_01.pdf,第1章 営業保険料 ＞ 1.2.3 その他 ＞ 標準責任準備金制度との関係,1.4 計算基礎率／4.2 商品開発プロセス,標準基礎率と営業基礎率の差を説明。,5,1-3,2024G.pdf,p.10,10,19,exams/2024G.pdf#page=10,textbooks/hoken1-seiho_01.pdf#page=5,exams/2024G.pdf#page=19,
2024-Q2(4イ),2024,第Ⅰ部,問題2,(4イ),3,米ドル建一時払終身保険の標準利率グラフ,図表読解・説明,参照金利／安全率係数／標準利率／外貨建一時払終身／金利移動平均,計算型,営業保険料・基礎率,4,S,hoken1-seiho_01.pdf,第1章 営業保険料 ＞ 1.4.3 予定利率,1.2.3 標準責任準備金制度との関係／外貨建商品の標準利率,標準利率グラフを制度・予定利率設定に結び付ける。,13,1-11,2024G.pdf,p.11-12,11,19,exams/2024G.pdf#page=11,textbooks/hoken1-seiho_01.pdf#page=13,exams/2024G.pdf#page=19,
2024-Q3(1ア/イ),2024,第Ⅱ部,問題3,(1ア/イ),6,予定事業費の設定と体系,説明,予定事業費／十分性／普遍性／公平性／件数比例／責任準備金比例／費用主義／効用主義,知識型,営業保険料・基礎率,3,S,hoken1-seiho_01.pdf,第1章 営業保険料 ＞ 1.4.4 予定事業費率,1.2.3 その他（収益性・価格競争力）,予定事業費体系と実際事業費モニタリングを確認。,16,1-14,2024G.pdf,p.13,13,21,exams/2024G.pdf#page=13,textbooks/hoken1-seiho_01.pdf#page=16,exams/2024G.pdf#page=21,
2024-Q3(1ウ),2024,第Ⅱ部,問題3,(1ウ),19,短期間で満期となる平準払積立保険の開発,所見論述,短期満期／若齢層／資産形成／給付設計／予定事業費体系／販売政策／収益性／金利・物価上昇,所見型,商品開発・モニタリング,5,S,hoken1-seiho_04.pdf,第4章 生命保険の商品開発 ＞ 4.1.1 不確実性の下での財務健全性・収益性 ＞ 4.2 商品開発プロセス,4.3 商品設計／4.4 商品設計以外,短満期積立は商品性・金利・解約・ALMで。,6,4-3,2024G.pdf,p.13,13,21,exams/2024G.pdf#page=13,textbooks/hoken1-seiho_04.pdf#page=6,exams/2024G.pdf#page=21,
2024-Q3(2ア),2024,第Ⅱ部,問題3,(2ア),4,商品開発における収支変動制御方法,説明,商品設計／契約群団コントロール／商品ポートフォリオ／事後モニタリング／収支変動制御,知識型,商品開発・モニタリング,2,S,hoken1-seiho_04.pdf,第4章 生命保険の商品開発 ＞ 4.1.1 不確実性の下での財務健全性・収益性 ＞ 将来の不確実性の制御方法,4.3 商品設計／4.4.8 資産運用・ALM／4.4.9 再保険,収支変動制御の7分類を答案で使う。,6,4-3,2024G.pdf,p.14,14,26,exams/2024G.pdf#page=14,textbooks/hoken1-seiho_04.pdf#page=6,exams/2024G.pdf#page=26,
2024-Q3(2イ),2024,第Ⅱ部,問題3,(2イ),21,がん一時金商品の環境変化とモニタリング・対応策,所見論述,がん罹患リスク推定／逆選択／早期発見／給付発生率／モニタリング／料率改定／給付事由見直し／販売政策,所見型,第三分野・医療,5,S,hoken1-seiho_07.pdf,第7章 医療保険 ＞ 7.3 医療保険の主な保障内容 ＞ 7.4 医療保険の保険料計算,7.7 保険計理人の機能強化／4.2.4 事後モニタリング,環境変化→発生率→給付設計→モニタリングを骨子化。,9,7-5,2024G.pdf,p.14,14,26,exams/2024G.pdf#page=14,textbooks/hoken1-seiho_07.pdf#page=9,exams/2024G.pdf#page=26,
2025-Q1(1),2025,第Ⅰ部,問題1,(1),4,生命保険の商品開発プロセス,語句選択,顧客・チャネル魅力度／市場規模／競合優位性／基本設計／実現可能性／財務収支見通し／危険選択／認可取得,知識型,商品開発・モニタリング,2,S,hoken1-seiho_04.pdf,第4章 生命保険の商品開発 ＞ 4.2.1 商品開発プロセスの概略,4.2.2 事前に準備すべき事項／4.2.3 事前に確認すべき事項／4.2.4 事後モニタリング,商品企画→包括的事業化分析→詳細設計→導入→モニタリングを暗記。,11,4-8,2025G.pdf,p.1,1,17,exams/2025G.pdf#page=1,textbooks/hoken1-seiho_04.pdf#page=11,exams/2025G.pdf#page=17,
2025-Q1(2),2025,第Ⅰ部,問題1,(2),4,生保標準生命表2018（死亡保険用）の基礎データ,語句記入,選択効果／東日本大震災／10年截断／95%信頼区間／有診査／経過年数30年以下,知識型,死亡率・標準生命表,4,A,hoken1-seiho_01.pdf,第1章 営業保険料 ＞ 1.4.1 予定死亡率・予定給付発生率等,第7章 付録4 第三分野標準生命表2018の作成概要,標準生命表2018の基礎データ・截断・信頼区間。,9,1-7,2025G.pdf,p.2,2,17,exams/2025G.pdf#page=2,textbooks/hoken1-seiho_01.pdf#page=9,exams/2025G.pdf#page=17,
2025-Q1(3),2025,第Ⅰ部,問題1,(3),4,商品開発に係る内部管理態勢,選択,普通保険約款／保険業法／取締役／経営計画／健全性維持／相互牽制／道徳的危険／保険計理人,知識型,法令・基礎書類,3,S,hoken1-seiho_04.pdf,第4章 生命保険の商品開発 ＞ 4.4.10 法令等 ＞ 商品開発に係る内部管理態勢,4.2 商品開発プロセス／参考：基礎書類,取締役会・相互牽制・保険計理人の役割を確認。,54,4-51,2025G.pdf,p.3-4,3,17,exams/2025G.pdf#page=3,textbooks/hoken1-seiho_04.pdf#page=54,exams/2025G.pdf#page=17,
2025-Q1(4),2025,第Ⅰ部,問題1,(4),4,1999年以降の変額年金保険の概要,選択,投資信託／銀行窓販／プットオプション／解約時清算なし／保険関係費用／最低保証料／インザマネー／内部留保,知識型,変額年金,3,S,hoken1-seiho_05.pdf,第5章 変額年金保険 ＞ 5.1 変額年金保険の概要,5.2 最低保証リスクの基本的構造,投資信託＋生命保険・最低保証料・インザマネーを確認。,5,5-1,2025G.pdf,p.5,5,17,exams/2025G.pdf#page=5,textbooks/hoken1-seiho_05.pdf#page=5,exams/2025G.pdf#page=17,
2025-Q1(5),2025,第Ⅰ部,問題1,(5),4,非比例式再保険・ストップロスカバー純保険料,選択・計算,集積リスク／発生率関係／自己保有額／割高／ストップロスカバー／純保険料／エクセスポイント／支払限度,計算型,再保険,4,S,hoken1-seiho_08.pdf,第8章 再保険 ＞ 8.3.4 エクセスオブロス・カバー ＞ 8.3.5 ストップロス・カバー,8.2 再保険の方式／8.1.2 目的,非比例式再保険の純保険料計算を演習。,28,8-24,2025G.pdf,p.6-7,6,17,exams/2025G.pdf#page=6,textbooks/hoken1-seiho_08.pdf#page=28,exams/2025G.pdf#page=17,
2025-Q2(1),2025,第Ⅰ部,問題2,(1),6,アセット・シェアの活用目的と計算,説明・計算,保険料率計算／責任準備金十分性／配当率設定・確認／会社組織変更／AS／ネットAS,複合型,アセット・シェア,4,S,hoken1-seiho_03.pdf,第3章 アセット・シェア ＞ 3.1.2 アセット・シェア計算の目的 ＞ 3.2 アセット・シェア計算の原理,3.3 アセット・シェアの活用,目的・算式・計算要素の設定を横串で。,6,3-2,2025G.pdf,p.8-9,8,19,exams/2025G.pdf#page=8,textbooks/hoken1-seiho_03.pdf#page=6,exams/2025G.pdf#page=19,
2025-Q2(2),2025,第Ⅰ部,問題2,(2),6,一律の予定発生率設定,説明,一律予定発生率／十分性／公平性／料率区分／低頻度給付／実務簡素化／社会的公平性,複合型,営業保険料・基礎率,4,S,hoken1-seiho_01.pdf,第1章 営業保険料 ＞ 1.4.1 予定死亡率・予定給付発生率等,1.5 保険料の細分化／1.2.2 公平性,一律発生率の長所短所を公平性・簡素性で。,9,1-7,2025G.pdf,p.10,10,20,exams/2025G.pdf#page=10,textbooks/hoken1-seiho_01.pdf#page=9,exams/2025G.pdf#page=20,
2025-Q2(3),2025,第Ⅰ部,問題2,(3),7,予定利率引下げ時の営業保険料改定（新興国S国）,説明,予定利率引下げ／養老保険／定期保険／元本割れ／価格整合性／苦情対応／料率調整,複合型,営業保険料・基礎率,5,S,hoken1-seiho_01.pdf,第1章 営業保険料 ＞ 1.4.3 予定利率 ＞ 1.3 営業保険料の計算方法,1.2.3 収益性・価格競争力,予定利率引下げの保険料・責任準備金・販売影響。,13,1-11,2025G.pdf,p.11-12,11,21,exams/2025G.pdf#page=11,textbooks/hoken1-seiho_01.pdf#page=13,exams/2025G.pdf#page=21,
2025-Q2(4),2025,第Ⅰ部,問題2,(4),5,団体信用生命保険とグレッグの5原則,説明,団体加入目的／団体加入強制性／保険金客観的決定／団体一括性／管理簡便性／団信／住宅ローン,知識型,団体生命保険,4,S,hoken1-seiho_06.pdf,第6章 団体生命保険 ＞ 6.5.2 団体信用生命保険 ＞ 6.1 はじめに（グレッグの特質）,6.3 団体生命保険の危険選択,団信とグレッグ5原則の両方を確認。,13,6-9,2025G.pdf,p.13,13,22,exams/2025G.pdf#page=13,textbooks/hoken1-seiho_06.pdf#page=13,exams/2025G.pdf#page=22,
2025-Q2(5),2025,第Ⅰ部,問題2,(5),6,医療保険の事後モニタリングと予定発生率見直し,説明,入院給付／手術給付／死亡給付／発生指数／危険差益・損／予定発生率見直し／給付間バランス,複合型,第三分野・医療,4,S,hoken1-seiho_07.pdf,第7章 医療保険 ＞ 7.4 医療保険の保険料計算 ＞ 7.7 保険計理人の機能強化,4.2.4 事後モニタリングと改善アクション,モニタリングから予定発生率見直しまでの流れを整理。,17,7-13,2025G.pdf,p.14,14,23,exams/2025G.pdf#page=14,textbooks/hoken1-seiho_07.pdf#page=17,exams/2025G.pdf#page=23,
2025-Q3(1),2025,第Ⅱ部,問題3,(1),25,トンチン性のある個人年金商品開発,所見論述,トンチン性／死亡者持分の生存者移転／保証期間付終身年金／長寿リスク／死亡給付・解約返戻金／予定死亡率／金利変動／顧客理解,所見型,年金・長寿,5,S,hoken1-seiho_04.pdf,第4章 生命保険の商品開発 ＞ 4.3.1 保険給付等の詳細設計 ＞ 4.4.8 資産運用・ALM,1.4.3 予定利率／年金・長寿リスク,トンチン性・長寿リスク・公平性・説明責任を論述。,26,4-23,2025G.pdf,p.15-16,15,24,exams/2025G.pdf#page=15,textbooks/hoken1-seiho_04.pdf#page=26,exams/2025G.pdf#page=24,
2025-Q3(2ア),2025,第Ⅱ部,問題3,(2ア),3,第三分野予定発生率設定の困難性,説明,発生率定義／医療技術変化／査定基準／データ不足／トレンド／給付事由変更,知識型,第三分野・医療,3,S,hoken1-seiho_07.pdf,第7章 医療保険 ＞ 7.4.1.4 予定発生率および予定入院日数などの設定の留意点,7.6 基礎率変更権の取扱い／7.7 保険計理人の機能強化,第三分野の発生率設定困難性をデータ・トレンド・医療技術で。,20,7-16,2025G.pdf,p.16,16,29,exams/2025G.pdf#page=16,textbooks/hoken1-seiho_07.pdf#page=20,exams/2025G.pdf#page=29,
2025-Q3(2イ),2025,第Ⅱ部,問題3,(2イ),22,緩和型医療保険の収益性検証,所見論述,緩和型医療保険／既往症／保険料率差／契約初期給付制限／競争環境／発生指数悪化／商品A・B比較／収益性検証,所見型,商品毎収益検証,5,S,hoken1-seiho_10.pdf,第10章 商品毎収益検証 ＞ 10.2 商品毎収益検証の目的 ＞ 10.10 モデルの検証,10.3 シナリオ設定／10.8 契約内容の検証／7.4 医療保険の保険料計算,緩和型医療は商品比較・発生指数・収益検証の活用を整理。,10,10-4,2025G.pdf,p.16,16,29,exams/2025G.pdf#page=16,textbooks/hoken1-seiho_10.pdf#page=10,exams/2025G.pdf#page=29,
